"_id_car";"_brand_name";"_modelfull_name";"_car_realname";"_vehiclecategory";"_price";"_acceleration_0_100_kmh";"_max_theorical_speed";"_braking_100_0";"_quartermile_sec";"_difficulty";"_gearbox";"_nb_gears";"_displacement";"_engine_localisation";"_engine_type";"_nb_turbos";"_power_bhp";"_power_rpm";"_torque_nm";"_torque_rpm";"_rpm_max";"_drive";"_height";"_length";"_width";"_track_back";"_track_front";"_wheelbase";"_mass";"_nb_seats";"_nb_doors";"_brakes_characteristics_front_hc";"_brakes_dim_front";"_brakes_characteristics_rear_hc";"_brakes_dim_rear"
"650";"Bugatti";"Veyron 16.4 Grand Sport Sang Bleu";"##OG##DLC##";"1";"2050000";"2,5";"407";"100";"0";"4";"3";"7";"7993";"2";"15";"4";"987";"6000";"1250";"2200";"7000";"1";"1206";"4466";"1998";"1705";"1733";"2710";"1968";"2";"2";"2036";"400";"2036";"400"
"117";"Ford";"GT ";"##OG##";"3";"145000";"3,9";"340";"117";"12,2";"1";"2";"6";"5409";"2";"13";"0";"550";"6500";"678";"3750";"7000";"4";"1125";"4563";"1953";"1603";"1569";"2675";"1581";"2";"2";"2033";"355";"2033";"335"
"352";"Chevrolet";"C6-R ##";"##UNFINISHED##";"1";"500000";"3,5";"320";"70";"0";"3";"3";"6";"6980";"1";"13";"0";"570";"5400";"841";"4400";"8000";"4";"1163";"4511";"1999";"1603";"1580";"2685";"1100";"1";"2";"2049";"380";"2049";"335"
"231";"Chrysler";"300C SRT8";"##TDU2UPv0.2##";"5";"47000";"4,8";"282";"122";"13";"3";"1";"5";"6417";"1";"13";"0";"470";"6000";"637";"4300";"6450";"4";"1471";"5170";"1881";"1603";"1600";"3055";"1980";"5";"4";"2046";"360";"2046";"350"
"330";"Chrysler";"300C SRT8 Police";"##TDU2UPv0.2##";"5";"100000";"5";"282";"122";"13";"3";"1";"5";"6417";"1";"13";"0";"470";"6000";"637";"4300";"6450";"1";"1471";"5170";"1881";"1603";"1600";"3055";"2080";"5";"4";"2033";"360";"2033";"350"
"276";"Dodge";"Challenger RT";"##UNFINISHED##TDU1##";"15";"27000";"5,5";"233";"160";"14,1";"3";"1";"4";"6981";"1";"13";"0";"425";"5000";"664";"4000";"8000";"4";"1171";"5101";"1943";"1762";"1762";"2953";"1724";"4";"2";"2034";"254";"2035";"0"
"300";"Dodge";"Charger RT";"##OG##WRECK##";"16";"40000";"5,6";"233";"160";"14,1";"3";"1";"4";"6981";"1";"13";"0";"425";"5000";"664";"4000";"6200";"4";"1374";"5077";"1816";"1415";"1393";"2881";"1740";"4";"2";"2034";"254";"2035";"0"
"321";"Dodge";"Charger SRT8";"##OG##";"6";"46000";"5,1";"281";"122";"13,3";"2";"1";"5";"6059";"1";"13";"0";"425";"6200";"569";"4800";"6750";"4";"1425";"5082";"1849";"1568";"1568";"3060";"1890";"5";"4";"2034";"360";"2034";"360"
"114";"Dodge";"Viper SRT10";"##OG##";"3";"92000";"3,9";"325";"117";"0";"2";"2";"6";"8382";"1";"8";"0";"604";"6100";"759";"5000";"6500";"4";"1234";"4435";"1910";"1557";"1559";"2480";"1546";"2";"2";"2033";"355";"2038";"355"
"1019";"Ferrari";"250 GTO ";"##OG##DLC##";"15";"5000000";"4,9";"297";"140";"0";"3";"2";"5";"2953";"1";"9";"0";"296";"7400";"294";"5500";"9000";"4";"1194";"4399";"1674";"1368";"1351";"2328";"1043";"2";"2";"2034";"314";"2034";"298"
"1021";"Ferrari";"GTO ##";"##TDUW##Reventon09##";"15";"480000";"5,1";"296";"130";"13,1";"3";"2";"5";"2855";"2";"13";"2";"395";"7000";"496";"3800";"7700";"4";"1120";"4290";"1910";"1562";"1559";"2451";"1160";"2";"2";"2033";"306";"2033";"310"
"298";"Ferrari";"308 GTS Quattrovalvole";"##OG##";"16";"50000";"6,1";"255";"130";"15,8";"1";"2";"5";"2926";"2";"13";"0";"237";"7000";"260";"5000";"7800";"4";"1120";"4230";"1720";"1490";"1510";"2380";"1286";"2";"2";"2033";"272";"2033";"277"
"333";"Ferrari";"365 GTB4 Competizione";"##UNFINISHED##";"14";"0";"5,8";"296";"130";"0";"3";"2";"5";"4390";"1";"9";"0";"434";"7750";"440";"6500";"8500";"4";"1280";"4514";"1836";"1580";"1580";"2685";"1200";"2";"2";"2033";"310";"2033";"310"
"442";"Audi";"R8 Coupé 5.2 FSI quattro";"##OG##";"3";"155000";"4,1";"316";"100";"0";"2";"1";"6";"5204";"2";"8";"0";"518";"8000";"530";"6500";"9000";"1";"1249";"4419";"1916";"1595";"1632";"2657";"1620";"2";"2";"2033";"365";"2033";"356"
"440";"Dodge";"Charger SRT8 Police Hawaii";"##OG##POLICE##";"4";"0";"4,9";"265";"122";"13,3";"2";"1";"5";"6059";"1";"13";"0";"425";"6200";"569";"4800";"8000";"4";"1425";"5082";"1849";"1628";"1628";"3060";"1890";"5";"4";"2034";"360";"2034";"360"
"412";"Dodge";"Viper SRT10 Police Ibiza";"##OG##POLICE##";"1";"135000";"3,7";"325";"117";"0";"4";"2";"6";"8382";"1";"8";"0";"600";"6100";"759";"5000";"6500";"1";"1234";"4435";"1910";"1547";"1510";"2480";"1546";"2";"2";"2033";"355";"2038";"355"
"439";"Dodge";"Viper RSI Twin Turbo";"##OG##POLICE##TDUW##";"1";"135000";"2,8";"372";"117";"0";"4";"2";"6";"8382";"1";"8";"2";"1000";"6100";"1166";"5000";"6750";"1";"1234";"4435";"1910";"1547";"1510";"2480";"1740";"2";"2";"2033";"355";"2038";"355"
"413";"Pagani";"Zonda Cinque";"##OG##";"1";"1400000";"3,4";"355";"100";"0";"1";"3";"6";"7291";"2";"9";"0";"669";"6150";"780";"4000";"7500";"4";"1191";"4376";"2055";"1594";"1633";"2720";"1210";"2";"2";"2033";"380";"2033";"380"
"393";"Audi";"RS6 Avant";"##OG##";"5";"125000";"4,4";"310";"120";"0";"2";"3";"6";"4991";"1";"8";"2";"572";"6250";"650";"1500";"7000";"1";"1456";"4928";"1890";"1587";"1574";"2846";"2025";"5";"4";"2033";"420";"2033";"356"
"394";"Audi";"S5 Cabriolet";"##UNFINISHED##";"5";"63000";"5,6";"250";"0";"0";"3";"3";"7";"2995";"1";"12";"0";"328";"5500";"440";"2900";"8000";"1";"1380";"4635";"1854";"1575";"1588";"2751";"1875";"2+2";"2";"2033";"330";"2033";"260"
"395";"Aston Martin";"DB9 Coupe";"##OG##";"5";"175000";"5,1";"309";"110";"0";"3";"3";"6";"5935";"1";"9";"0";"470";"6000";"600";"5000";"7200";"4";"1321";"4719";"1872";"1580";"1629";"2860";"1760";"2+2";"2";"2033";"355";"2033";"330"
"325";"Dodge";"Charger SRT8 Turbo";"##OG##POLICE##TDUW##";"4";"96000";"4,1";"330";"122";"0";"2";"1";"5";"6059";"1";"13";"0";"566";"6200";"699";"4800";"6750";"1";"1425";"5082";"1849";"1568";"1568";"3060";"1960";"5";"4";"2034";"360";"2034";"360"
"392";"Dodge";"Charger SRT8 Police Ibiza";"##OG##POLICE##";"4";"0";"4,9";"265";"122";"13,3";"2";"1";"5";"6059";"1";"13";"0";"425";"6200";"569";"4800";"6750";"1";"1425";"5082";"1849";"1628";"1628";"3060";"1890";"5";"4";"2034";"360";"2034";"360"
"396";"Ferrari";"430 Scuderia Spider 16M";"##OG##";"3";"311000";"3,7";"315";"100";"11,7";"2";"3";"6";"4308";"2";"13";"0";"503";"8500";"470";"5250";"8640";"4";"1216";"4512";"1923";"1616";"1669";"2600";"1440";"2";"2";"2036";"398";"2036";"350"
"397";"Jaguar";"XKR ";"##OG##";"5";"99000";"4,8";"315";"110";"0";"2";"3";"6";"5000";"1";"13";"0";"503";"6000";"625";"2500";"7000";"4";"1322";"4790";"1892";"1630";"1630";"2767";"1753";"2+2";"2";"2033";"400";"2033";"350"
"405";"Chevrolet";"Camaro 2SS";"##OG##";"5";"36000";"5,1";"285";"115";"0";"3";"1";"6";"6162";"1";"13";"0";"400";"5900";"556";"4600";"6200";"4";"1377";"4836";"1918";"1697";"1678";"2893";"1751";"4";"2";"2033";"355";"2033";"365"
"406";"Lotus";"Exige Cup 260";"##UNFINISHED##";"4";"86000";"4,1";"245";"0";"0";"3";"2";"6";"1796";"3";"5";"0";"257";"8000";"236";"6000";"9000";"4";"1163";"3797";"1727";"1507";"1457";"2300";"890";"2";"2";"2033";"308";"2033";"282"
"1045";"Chevrolet";"Corvette Stingray 69";"##UNFINISHED##TDU1##";"16";"40000";"6";"200";"140";"0";"3";"2";"4";"5733";"1";"13";"0";"300";"4800";"515";"3400";"7000";"4";"1241";"4635";"1753";"1509";"1491";"2489";"1402";"2";"2";"2033";"298";"2034";"298"
"326";"Ferrari";"Dino 246 GTS";"##OG##";"16";"140000";"7,5";"238";"120";"15,9";"3";"2";"5";"2419";"2";"12";"0";"192";"7600";"225";"5500";"7900";"4";"1143";"4234";"1707";"1469";"1484";"2309";"1080";"2";"2";"2033";"272";"2033";"277"
"1030";"Ferrari";"Enzo ";"##OG##";"2";"660000";"3,4";"355";"109";"11,1";"2";"3";"6";"5999";"2";"9";"0";"651";"7800";"657";"5500";"8250";"4";"1147";"4702";"2035";"1650";"1660";"2650";"1255";"2";"2";"2036";"380";"2036";"380"
"1022";"Ferrari";"F40 ";"##OG##DLC##";"14";"400000";"4,5";"324";"119";"11,8";"3";"2";"5";"2936";"2";"13";"1";"471";"7000";"577";"4000";"7800";"4";"1161";"4410";"2020";"1646";"1661";"2433";"1100";"2";"2";"2033";"330";"2033";"330"
"349";"Ferrari";"F50 ";"##TDUW##Reventon&StarGT##";"14";"560000";"3,9";"322";"100";"11,7";"2";"2";"6";"4698";"2";"9";"0";"513";"8500";"471";"6500";"8800";"4";"1120";"4480";"1986";"1602";"1620";"2580";"1230";"2";"2";"2046";"355";"2046";"355"
"338";"Ferrari";"F40 LM";"##UNFINISHED##";"14";"400000";"3,1";"367";"119";"11,8";"3";"2";"5";"2936";"2";"13";"1";"720";"7500";"706";"4500";"10000";"4";"990";"4304";"1921";"1577";"1651";"2415";"1050";"2";"2";"2033";"330";"2033";"330"
"244";"Ferrari";"F430 ";"##TDU2UPv0.3##";"4";"210000";"4";"315";"100";"11,9";"2";"3";"6";"4308";"2";"13";"0";"483";"8500";"465";"5250";"8650";"4";"1214";"4702";"1923";"1616";"1550";"2650";"1450";"2";"2";"2036";"381";"2036";"350"
"327";"Ferrari";"512 TR ##";"##UNFINISHED##TDU1##";"2";"230000";"4,8";"314";"125";"13,2";"3";"2";"5";"4943";"2";"9";"0";"428";"6750";"491";"5500";"6900";"4";"1135";"4480";"1976";"1586";"1632";"2550";"1473";"2";"2";"2033";"310";"2033";"310"
"293";"Ginetta";"Supercharged GTS Prototype 2005";"##UNFINISHED##TDU1##";"2";"150000";"3,8";"330";"115";"0";"3";"2";"6";"2968";"2";"12";"1";"400";"6500";"527";"4770";"8000";"4";"1215";"4437";"1956";"1640";"1640";"2794";"1055";"2";"2";"2046";"350";"2046";"330"
"398";"Mercedes-Benz";"SL 65 AMG Black Series";"##OG##DLC##";"3";"301750";"3,9";"330";"110";"0";"3";"3";"5";"5980";"1";"9";"2";"661";"5400";"1000";"2200";"6500";"4";"1296";"4574";"1975";"1636";"1679";"2625";"1870";"2";"2";"2033";"390";"2033";"360"
"399";"Ford";"Shelby GT500KR";"##UNFINISHED##";"5";"80000";"4,3";"250";"0";"0";"3";"2";"6";"5409";"1";"13";"0";"540";"6250";"692";"4500";"7000";"4";"1365";"4775";"1877";"1588";"1572";"2720";"1771";"5";"2";"2033";"356";"2033";"300"
"401";"Mercedes-Benz";"SLS AMG";"##OG##";"3";"195000";"3,9";"320";"110";"0";"1";"3";"7";"6208";"1";"13";"0";"563";"6800";"650";"4750";"8000";"4";"1262";"4638";"1939";"1613";"1632";"2680";"1600";"2";"2";"2033";"390";"2033";"360"
"400";"Lotus";"2-Eleven ";"##OG##CLUB##";"4";"85000";"4,3";"249";"105";"0";"4";"2";"6";"1796";"3";"5";"0";"252";"8000";"242";"7000";"9000";"4";"1112";"3822";"1735";"1527";"1606";"2313";"745";"2";"0";"2033";"288";"2033";"288"
"390";"Aston Martin";"V12 Vantage ";"##OG##";"4";"181000";"4,4";"306";"105";"0";"5";"2";"6";"5935";"1";"9";"0";"510";"6500";"570";"5750";"7500";"4";"1281";"4373";"1829";"1510";"1540";"2590";"1680";"2";"2";"2033";"398";"2033";"360"
"391";"Ferrari";"458 Italia ";"##OG##";"2";"220000";"3,4";"325";"106";"0";"3";"3";"7";"4499";"2";"13";"0";"562";"9000";"540";"6000";"10000";"4";"1235";"4527";"1965";"1675";"1672";"2772";"1380";"2";"2";"2036";"398";"2036";"360"
"402";"Lotus";"Evora ";"##OG##";"6";"72000";"5,1";"261";"105";"0";"3";"2";"6";"3456";"2";"12";"0";"276";"6400";"350";"4600";"7200";"4";"1253";"4344";"1848";"1575";"1567";"2585";"1382";"2";"2";"2033";"350";"2033";"332"
"403";"Nissan";"GT-R ";"##OG##";"4";"90000";"3,6";"314";"125";"0";"1";"1";"6";"3799";"1";"12";"2";"485";"6400";"588";"3200";"7500";"1";"1385";"4632";"1892";"1600";"1590";"2742";"1737";"4";"2";"2033";"380";"2033";"380"
"404";"Nissan";"370Z ";"##OG##";"6";"33000";"5,6";"275";"130";"0";"2";"1";"7";"3696";"1";"12";"0";"326";"7000";"366";"5200";"8000";"4";"1303";"4216";"1847";"1625";"1619";"2553";"1483";"2";"2";"2033";"355";"2033";"350"
"421";"Citroen";"2 CV ";"##OG##WRECK##";"17";"12000";"12";"100";"165";"0";"1";"1";"4";"425";"1";"11";"0";"18";"5000";"28";"3000";"6000";"3";"1555";"3842";"1462";"1255";"1285";"2479";"495";"5";"4";"2035";"200";"2035";"200"
"422";"Volkswagen";"Beetle ";"##OG##WRECK##";"17";"15000";"11,5";"115";"160";"0";"1";"2";"4";"1192";"3";"16";"0";"34";"3600";"83";"2000";"6500";"4";"1500";"4141";"1585";"1352";"1379";"2570";"870";"4";"2";"2035";"263";"2035";"262"
"423";"RUF";"Rturbo ";"##OG##";"2";"275000";"3,4";"355";"110";"0";"1";"2";"6";"3600";"3";"2";"2";"590";"6500";"830";"4200";"8000";"1";"1275";"4435";"1765";"1520";"1504";"2380";"1531";"2";"2";"2033";"330";"2033";"330"
"407";"Dodge";"Challenger SE";"##UNFINISHED##";"7";"23500";"7,8";"183";"0";"0";"3";"1";"5";"3518";"1";"12";"0";"250";"6400";"339";"3800";"7000";"4";"1455";"5022";"1923";"1603";"1600";"2946";"1687";"5";"2";"2033";"320";"2034";"320"
"409";"Dodge";"Viper SRT10 ACR";"##OG##DLC##";"3";"105685";"3,8";"295";"108";"0";"3";"2";"6";"8382";"1";"8";"0";"600";"6100";"759";"5000";"7000";"4";"1209";"4436";"1889";"1547";"1565";"2480";"1552";"2";"2";"2033";"355";"2033";"355"
"410";"Mercedes-Benz";"SLR McLaren  Stirling Moss";"##OG##";"2";"1100000";"3,8";"350";"105";"0";"2";"3";"5";"5439";"1";"13";"1";"641";"6500";"820";"4000";"7500";"4";"1220";"4610";"2194";"1788";"1804";"2700";"1626";"2";"2";"2033";"370";"2033";"360"
"408";"Alfa Romeo";"MiTo Quadrifoglio Verde";"##OG##";"7";"28000";"8";"221";"125";"0";"1";"2";"6";"1368";"1";"5";"1";"168";"5500";"250";"2500";"7000";"3";"1446";"4061";"1721";"1475";"1483";"2504";"1145";"2+2";"2";"2033";"305";"2033";"251"
"414";"Pagani";"Zonda Roadster F";"##OG##";"2";"760000";"3,7";"345";"100";"0";"2";"2";"6";"7291";"2";"9";"0";"641";"6200";"780";"4000";"7000";"4";"1141";"4435";"2055";"1594";"1633";"2730";"1370";"2";"2";"2033";"380";"2033";"380"
"415";"Mercedes-Benz";"SLR McLaren  Roadster 722s";"##OG##";"3";"525000";"3,7";"335";"105";"0";"1";"1";"5";"5439";"1";"13";"1";"641";"6500";"820";"4000";"7500";"4";"1251";"4686";"1908";"1569";"1638";"2723";"1724";"2";"2";"2033";"390";"2033";"360"
"416";"Saleen";"S5S Raptor";"##TDU2UPv0.3##";"2";"205000";"3,7";"350";"105";"11,4";"4";"2";"6";"5000";"2";"9";"1";"650";"6300";"854";"4400";"7000";"4";"1211";"4250";"1996";"1690";"1710";"2680";"1526";"2";"2";"2036";"398";"2036";"360"
"418";"Shelby";"Series 2 ##";"##UNFINISHED##";"3";"220000";"3,2";"300";"0";"0";"3";"2";"6";"4000";"1";"13";"0";"460";"6000";"540";"4500";"8000";"4";"1194";"4292";"1943";"1534";"1509";"2405";"1258";"2";"2";"2033";"330";"2033";"305"
"411";"Alfa Romeo";"8C Spider";"##OG##";"4";"265000";"4,5";"300";"120";"0";"2";"3";"6";"4691";"1";"13";"0";"444";"7000";"480";"4750";"8000";"4";"1341";"4381";"1894";"1590";"1590";"2646";"1675";"2";"2";"2034";"380";"2034";"330"
"417";"Bristol";"Fighter T";"##UNFINISHED##";"1";"688000";"3,5";"362";"0";"0";"3";"2";"6";"7994";"1";"8";"0";"1012";"5600";"1405";"4500";"7000";"4";"1345";"4420";"1795";"1470";"1470";"2750";"1595";"2";"2";"2033";"380";"2033";"380"
"419";"Ferrari";"599XX ";"##OG##DLC##";"1";"1750000";"2,9";"340";"105";"0";"2";"3";"6";"5999";"1";"9";"0";"720";"9000";"686";"6500";"9200";"4";"1292";"4731";"1982";"1620";"1600";"2744";"1430";"2";"2";"2036";"398";"2036";"360"
"420";"Caterham";"7 CSR 260";"##OG##";"3";"55000";"3,7";"245";"112";"0";"3";"2";"6";"2261";"1";"5";"0";"260";"7500";"271";"6200";"8000";"4";"1140";"3300";"1685";"1414";"1505";"2335";"575";"2";"2";"2033";"254";"2033";"228"
"424";"Ariel";"Atom 500 V8";"##OG##SC##";"1";"225000";"2,7";"275";"100";"0";"4";"2";"6";"2400";"3";"13";"1";"475";"10500";"385";"7750";"11000";"4";"1200";"3410";"1830";"1605";"1635";"2345";"520";"2";"0";"2033";"280";"2034";"260"
"425";"RUF";"RGT ##";"##OG##";"4";"238000";"4,2";"317";"110";"0";"3";"2";"6";"3746";"3";"2";"0";"445";"7600";"420";"5100";"9000";"4";"1290";"4467";"1872";"1630";"1604";"2360";"1435";"2";"2";"2033";"350";"2033";"330"
"426";"RUF";"RK Spyder";"##OG##";"4";"195000";"4,5";"289";"110";"0";"1";"2";"6";"3824";"2";"2";"1";"420";"7000";"450";"5500";"7500";"4";"1199";"4335";"1780";"1524";"1453";"2410";"1400";"2";"2";"2033";"332";"2033";"328"
"427";"Ascari";"KZ1 R Limited Edition";"##OG##";"3";"550000";"3,7";"323";"100";"0";"3";"2";"6";"4941";"3";"13";"0";"520";"7000";"550";"4500";"7600";"4";"1198";"4244";"1869";"1534";"1618";"2634";"1250";"2";"2";"2049";"378";"2049";"355"
"428";"RUF";"Rt 12 ";"##OG##";"2";"320000";"3,4";"361";"110";"0";"3";"2";"6";"3824";"3";"2";"2";"641";"7000";"870";"3500";"7500";"4";"1300";"4467";"1868";"1563";"1555";"2370";"1530";"2";"2";"2033";"350";"2033";"330"
"429";"Spyker";"C8 Aileron";"##TDU2UPv0.1##";"4";"209990";"4,5";"300";"107";"0";"1";"3";"6";"4163";"2";"13";"0";"400";"6800";"480";"3500";"7400";"4";"1270";"4614";"1952";"1665";"1565";"2755";"1425";"2";"2";"2034";"350";"2034";"332"
"430";"McLaren";"MP4-12C ";"##OG##";"2";"200000";"3,2";"352";"100";"0";"1";"3";"7";"3800";"3";"13";"2";"616";"7500";"600";"5600";"8500";"4";"1190";"4507";"1900";"1606";"1672";"2676";"1336";"2";"2";"2033";"398";"2033";"360"
"431";"Aston Martin";"One-77 ";"##OG##";"2";"1850000";"3,6";"354";"105";"0";"4";"3";"6";"7300";"2";"9";"0";"750";"7500";"750";"5750";"7750";"4";"1280";"4486";"1905";"1619";"1699";"2733";"1630";"2";"2";"2036";"398";"2036";"360"
"432";"Audi";"R8 Spyder 5.2 FSI quattro";"##OG##CASINO##";"4";"168000";"4,3";"313";"114";"0";"2";"1";"6";"5204";"2";"8";"0";"518";"8000";"530";"6500";"9000";"1";"1278";"4419";"1908";"1595";"1638";"2662";"1725";"2";"2";"2033";"365";"2033";"356"
"340";"Ferrari";"365 GTB/4 Daytona";"##TDUW##Reventon09##";"15";"220000";"6";"282";"140";"14,1";"1";"2";"5";"4390";"1";"9";"0";"347";"7500";"431";"5400";"7750";"4";"1245";"4425";"1760";"1453";"1440";"2400";"1375";"2";"2";"2034";"288";"2034";"297"
"342";"Ferrari";"575 GTC";"##UNFINISHED##";"1";"10";"3,6";"335";"105";"0";"3";"2";"6";"5997";"1";"9";"0";"605";"6000";"730";"5200";"7200";"4";"1251";"4599";"2079";"1750";"1731";"2522";"1100";"2";"2";"2033";"380";"2033";"355"
"317";"Ferrari";"599 GTB Fiorano";"##OG##";"3";"308000";"3,7";"330";"109";"11,2";"2";"3";"6";"5999";"1";"9";"0";"612";"7600";"608";"5600";"8800";"4";"1336";"4665";"1962";"1596";"1600";"2760";"1690";"2";"2";"2033";"398";"2033";"360"
"1027";"Ferrari";"612 Scaglietti ";"##OG##";"4";"260000";"4,4";"320";"115";"12,8";"2";"3";"6";"5748";"1";"9";"0";"532";"7250";"588";"5250";"7800";"4";"1344";"4902";"1957";"1641";"1688";"2950";"1840";"2";"2";"2036";"345";"2036";"330"
"71";"Caterham";"Superlight R500";"##OG##DLC##";"2";"67000";"3";"241";"112";"0";"3";"2";"6";"1999";"1";"5";"0";"263";"8500";"240";"7200";"10000";"4";"1140";"3300";"1685";"1414";"1505";"2335";"506";"2";"2";"2033";"254";"2033";"228"
"319";"Ford";"Shelby GT500";"##UNFINISHED##";"4";"41000";"4,5";"240";"0";"12,9";"3";"2";"6";"5400";"1";"13";"0";"500";"6000";"650";"4500";"8000";"4";"1384";"4765";"1831";"1600";"1587";"2720";"1780";"4";"2";"2033";"316";"2033";"300"
"310";"HUMMER";"H1 ALPHA";"##UNFINISHED##";"12";"130000";"13,5";"144";"160";"0";"3";"1";"5";"6600";"1";"6";"1";"300";"3000";"705";"1600";"5000";"1";"2007";"4686";"2197";"1819";"1819";"3252";"3450";"5";"4";"2033";"330";"2033";"300"
"315";"HUMMER";"H2 ##";"##UNFINISHED##";"12";"60000";"13,5";"180";"0";"0";"3";"1";"4";"6000";"1";"13";"0";"325";"5200";"500";"4000";"6000";"1";"2012";"5171";"2062";"1750";"1750";"3117";"2900";"5";"4";"2033";"315";"2033";"312"
"311";"HUMMER";"H3 ";"##OG##";"12";"36000";"10,4";"195";"138";"0";"1";"2";"5";"3654";"1";"3";"0";"241";"5600";"328";"4600";"6500";"1";"1978";"4748";"1929";"1664";"1651";"2909";"2132";"5";"4";"2033";"315";"2033";"312"
"229";"Jaguar";"XJ220 ";"##TDUW##";"14";"270000";"3,8";"349";"100";"11,7";"3";"3";"5";"3498";"2";"12";"2";"542";"7200";"642";"4850";"7900";"4";"1150";"4930";"2010";"1740";"1770";"2705";"1470";"2";"2";"2033";"330";"2033";"300"
"219";"Jaguar";"E-Type Coupe";"##OG##";"16";"65000";"7,2";"242";"131";"14,9";"3";"2";"4";"4235";"1";"6";"0";"265";"5400";"384";"4000";"6000";"4";"1222";"4453";"1656";"1290";"1325";"2428";"1275";"2";"2";"2034";"279";"2039";"254"
"324";"Jeep";"Grand Cherokee SRT8";"##TDU2UPv0.3##";"11";"59990";"5";"265";"138";"0";"1";"1";"5";"6417";"1";"13";"0";"420";"6000";"570";"4600";"6400";"1";"1710";"4780";"1920";"1615";"1620";"3060";"2170";"5";"4";"2033";"315";"2033";"312"
"281";"Lamborghini";"Countach 5000 Quattrovalvole";"##TDU2UPv0.2##";"15";"160000";"4,9";"297";"130";"12,9";"3";"2";"5";"5167";"2";"9";"0";"449";"7000";"500";"5200";"7600";"4";"1070";"4170";"2000";"1550";"1550";"2500";"1494";"2";"2";"2033";"300";"2033";"284"
"228";"Koenigsegg";"CCR ##";"##UNFINISHED##TDU1##";"1";"595000";"3,2";"395";"120";"9";"3";"2";"1";"4700";"2";"13";"1";"5000";"6000";"5000";"6000";"8200";"4";"1170";"4350";"1990";"1689";"1691";"2710";"1180";"2";"2";"2033";"362";"2033";"362"
"1010";"Lamborghini";"Diablo GT";"##UNFINISHED##TDU1##";"14";"300000";"3,9";"338";"125";"12,4";"3";"2";"5";"5992";"2";"9";"0";"575";"7300";"630";"5500";"10000";"4";"1115";"4430";"2040";"1670";"1610";"2650";"1460";"2";"2";"2033";"355";"2033";"335"
"5040";"Lamborghini";"Diablo SV";"##TDUW##";"14";"125000";"3,9";"330";"127";"12,2";"3";"2";"5";"5707";"2";"9";"0";"523";"7100";"605";"5500";"7600";"4";"1115";"4430";"2040";"1640";"1540";"2650";"1530";"2";"2";"2033";"340";"2033";"310"
"336";"Lamborghini";"Gallardo Police";"##UNFINISHED##";"2";"200";"4";"309";"110";"12,3";"3";"3";"6";"4961";"2";"8";"0";"550";"8000";"565";"4800";"10000";"1";"1165";"4300";"1900";"1592";"1622";"2560";"1430";"2";"2";"2033";"365";"2033";"335"
"339";"Lamborghini";"Murciélago LP640 Roadster";"##UNFINISHED##TDU1##";"1";"280000";"3,4";"340";"122";"11,9";"3";"3";"6";"6496";"2";"9";"0";"631";"8000";"660";"6000";"9000";"1";"1135";"4610";"2058";"1695";"1635";"2665";"1665";"2";"2";"2033";"380";"2038";"355"
"320";"Lamborghini";"Murciélago R-GT";"##UNFINISHED##";"1";"500000";"3";"332";"122";"0";"3";"3";"6";"6192";"2";"9";"0";"590";"6300";"710";"5000";"9000";"4";"1113";"4800";"2080";"1680";"1715";"2641";"1100";"1";"2";"2036";"380";"2036";"355"
"318";"Lamborghini";"Aventador LP 700-4";"##TDU2UPv0.4##";"1";"437500";"2,9";"354";"104";"0";"3";"3";"7";"6498";"2";"9";"65536";"691";"8250";"690";"5500";"8500";"1";"1136";"4780";"2030";"1720";"1690";"2710";"1575";"2";"2";"2036";"380";"2036";"355"
"1009";"Lamborghini";"Miura P400SV";"##TDUW##";"15";"750000";"6,2";"285";"119";"14,3";"3";"2";"5";"3929";"2";"9";"0";"380";"7850";"400";"5750";"8000";"4";"1122";"4390";"1780";"1500";"1400";"2500";"1275";"2";"2";"2033";"300";"2033";"306"
"337";"Lancia";"Delta S4 Competition";"##UNFINISHED##";"9";"115000";"2,5";"205";"100";"0";"3";"2";"5";"1759";"2";"5";"1";"480";"8400";"490";"5000";"9000";"1";"1357";"3983";"1880";"1484";"1427";"2366";"960";"2";"2";"2033";"330";"2033";"300"
"213";"Lotus";"Sport Exige 240R";"##UNFINISHED##TDU1##";"3";"82000";"3,9";"250";"102";"0";"3";"2";"6";"1796";"2";"5";"1";"243";"8000";"236";"7000";"10000";"4";"1201";"3797";"1727";"1507";"1457";"2300";"875";"2";"2";"2033";"282";"2033";"282"
"235";"Lotus";"Esprit V8";"##UNFINISHED##TDU1##";"15";"50000";"4,9";"282";"125";"0";"3";"2";"5";"3500";"2";"13";"1";"350";"6500";"400";"4250";"8000";"4";"1150";"4414";"1883";"1544";"1529";"2420";"1378";"2";"2";"2046";"320";"2046";"320"
"1031";"Maserati";"3500 GT ##";"##UNFINISHED##TDU1##";"17";"55000";"7,6";"230";"150";"0";"3";"2";"4";"3485";"1";"6";"0";"240";"5000";"344";"3000";"8000";"4";"1300";"4780";"1760";"1360";"1390";"2690";"1510";"2+2";"2";"2034";"306";"2034";"291"
"335";"Maserati";"GranTurismo ##";"##UNFINISHED##";"4";"110000";"5,2";"285";"115";"23,9";"3";"3";"6";"4244";"1";"13";"0";"405";"7100";"460";"4750";"8000";"4";"1450";"4920";"1900";"1590";"1586";"3010";"1780";"4";"2";"2049";"330";"2049";"330"
"1036";"Maserati";"MC12 ";"##TDUW##";"2";"800000";"3,5";"335";"108";"11,3";"3";"3";"6";"5999";"2";"9";"0";"624";"7500";"652";"5500";"7750";"4";"1205";"5143";"2096";"1640";"1650";"2800";"1335";"2";"2";"2049";"380";"2049";"355"
"341";"Maserati";"MC12 Corsa";"##UNFINISHED##";"1";"1700000";"3,8";"326";"108";"0";"3";"3";"6";"5998";"2";"9";"0";"756";"8000";"710";"6000";"9000";"4";"1205";"5143";"2096";"1650";"1660";"2800";"1150";"2";"2";"2049";"380";"2049";"335"
"227";"Mazda";"RX-8 ";"##TDUW##VRS##";"7";"32000";"6,6";"238";"115";"15,3";"3";"2";"6";"1308";"1";"7";"0";"231";"8200";"212";"5500";"9400";"4";"1340";"4470";"1770";"1505";"1500";"2700";"1366";"4";"4";"2046";"323";"2046";"302"
"230";"Ferrari";"F12berlinetta ";"##TDU2UPv0.3##";"2";"315000";"3,3";"348";"100";"0";"3";"3";"7";"6262";"1";"9";"0";"730";"8250";"690";"6000";"8900";"4";"1273";"4510";"1946";"1610";"1655";"2715";"1630";"2";"2";"2036";"323";"2036";"302"
"306";"McLaren";"F1 ";"##TDUW##";"14";"1150000";"3,3";"372";"118";"11,1";"5";"2";"6";"6064";"2";"9";"0";"618";"7400";"651";"5600";"7550";"4";"1078";"4287";"1820";"1472";"1568";"2740";"1120";"3";"2";"2036";"332";"2036";"305"
"279";"McLaren";"F1 GTR";"##UNFINISHED##TDU1##";"1";"1500000";"2,9";"340";"124";"0";"3";"2";"6";"6064";"2";"9";"0";"636";"7800";"703";"4500";"9000";"4";"1120";"4635";"1820";"1464";"1570";"2718";"1120";"1";"2";"2036";"355";"2036";"355"
"278";"Mercedes-Benz";"CLK GTR";"##UNFINISHED##TDU1##";"1";"50";"3,8";"322";"110";"9,4";"3";"3";"6";"6898";"2";"9";"0";"612";"6800";"775";"5250";"8000";"4";"1114";"4815";"1941";"1589";"1639";"2670";"1545";"2";"2";"2046";"380";"2046";"355"
"206";"Mercedes-Benz";"300 SL Gullwing";"##OG##";"16";"600000";"7,5";"242";"150";"0";"3";"2";"4";"2996";"1";"6";"0";"212";"5800";"275";"4600";"7000";"4";"1302";"4520";"1778";"1454";"1503";"2430";"1293";"2";"2";"2035";"260";"2035";"260"
"204";"Mercedes-Benz";"SLK 55 AMG";"##OG##";"5";"68000";"4,9";"285";"113";"0";"3";"3";"7";"5439";"1";"13";"0";"355";"5750";"510";"4000";"7000";"4";"1284";"4087";"1794";"1450";"1500";"2420";"1540";"2";"2";"2033";"340";"2044";"330"
"205";"Mercedes-Benz";"SLR McLaren";"##UNFINISHED##TDU1##";"2";"460000";"3,5";"334";"107";"11,6";"3";"3";"5";"5439";"1";"13";"1";"617";"6500";"780";"3250";"8000";"4";"1261";"4656";"1908";"1569";"1638";"2700";"1768";"2";"2";"2036";"0";"2038";"0"
"1039";"Nissan";"370Z Nismo";"##TDU2UPv0.1##";"6";"41000";"5,3";"269";"119";"14,3";"2";"2";"6";"3696";"1";"12";"0";"350";"7400";"374";"5200";"8000";"4";"1313";"4350";"1845";"1590";"1617";"2555";"1497";"2";"2";"2033";"355";"2033";"350"
"367";"Eden Games";"Hot Rod ";"##TDU2UPv0.1##";"15";"95000";"4,5";"260";"150";"0";"5";"2";"4";"4235";"1";"13";"0";"400";"5400";"500";"4000";"7000";"4";"1288";"3669";"1270";"1723";"1580";"3038";"1200";"2";"2";"2034";"279";"2039";"254"
"3001";"TRAFFIC";"Ibiza_low_ A";"##T##";"7";"0";"0";"150";"0";"0";"3";"2";"5";"1400";"1";"12";"0";"120";"2000";"180";"2500";"5500";"3";"1383";"3300";"1878";"1230";"1214";"2262";"900";"##";"0";"37";"567";"37";"567"
"3002";"TRAFFIC";"Ibiza_ Ambulance";"##T##";"7";"0";"0";"130";"0";"0";"3";"2";"5";"2000";"1";"13";"0";"160";"2500";"190";"2500";"5500";"3";"2330";"5594";"1743";"1531";"1531";"3421";"1900";"##";"0";"37";"639";"37";"639"
"3003";"TRAFFIC";"Ibiza_ Bus";"##T##";"7";"0";"0";"120";"0";"0";"3";"2";"3";"4196";"1";"13";"0";"350";"1800";"400";"2000";"5800";"3";"2975";"11864";"2443";"2220";"2160";"5982";"3800";"##";"0";"37";"1092";"37";"1092"
"116";"Saleen";"S7 Twin Turbo Competition";"##TDU2UPv0.3##";"1";"605000";"3,3";"410";"103";"0";"4";"2";"6";"6991";"2";"13";"2";"1000";"6300";"949";"4800";"7000";"4";"1041";"4774";"1990";"1620";"1645";"2670";"1338";"2";"2";"2033";"381";"2033";"356"
"216";"Shelby";"Cobra Daytona Coupe";"##OG##WRECK##";"15";"3500000";"4,5";"316";"140";"12,12";"3";"2";"4";"4736";"1";"13";"0";"385";"6750";"461";"4000";"8000";"4";"1422";"4610";"1753";"1450";"1513";"2473";"1043";"2";"2";"2034";"279";"2034";"260"
"221";"Shelby";"GT-500KR ";"##TDU2UPv0.2##";"16";"90000";"5,7";"240";"160";"15";"2";"2";"4";"7016";"1";"13";"0";"400";"5600";"620";"3200";"8000";"4";"1310";"4840";"1815";"1520";"1500";"2700";"1563";"2+2";"2";"2034";"290";"2035";"254"
"351";"Spyker";"D8 Peking-to-Paris";"##OG##";"11";"282000";"5,4";"275";"125";"0";"1";"3";"6";"6162";"1";"13";"1";"556";"6100";"747";"3800";"6250";"1";"1676";"4950";"2020";"1626";"1556";"2875";"2000";"4";"4";"2033";"380";"2033";"350"
"332";"Subaru";"Impreza WRX STI";"##OG##";"6";"35000";"5,7";"255";"110";"0";"2";"2";"6";"2457";"1";"16";"1";"276";"5600";"392";"4400";"7500";"1";"1440";"4465";"1740";"1450";"1450";"2540";"1495";"4";"4";"2033";"326";"2033";"316"
"207";"TVR";"Sagaris ";"##OG##";"3";"79000";"4";"298";"120";"0";"1";"2";"5";"3996";"1";"6";"0";"406";"7000";"473";"5000";"8000";"4";"1175";"4057";"1820";"1529";"1460";"2361";"1078";"2";"2";"2033";"322";"2033";"298"
"209";"TVR";"Tuscan S";"##UNFINISHED##TDU1##";"3";"80000";"3,6";"306";"120";"0";"3";"2";"5";"3996";"1";"6";"0";"380";"7000";"420";"5250";"10000";"4";"1200";"4235";"1810";"1500";"1445";"2361";"1100";"2";"2";"2033";"304";"2033";"282"
"208";"TVR";"Cerbera Speed 12";"##TDU2UPv0.4##";"1";"226000";"3,7";"385";"110";"0";"5";"1";"6";"7730";"1";"9";"0";"880";"7250";"881";"5750";"8500";"4";"1130";"4360";"1960";"1600";"1570";"2520";"1075";"2";"2";"2033";"378";"2033";"273"
"313";"Volkswagen";"Race Touareg 2 ##";"##UNFINISHED##";"9";"1000000";"6";"230";"130";"0";"3";"3";"6";"2500";"1";"3";"1";"275";"4000";"500";"1750";"6500";"1";"1762";"4171";"1996";"1750";"1750";"3020";"1787";"2";"2";"2033";"320";"2033";"320"
"312";"Dodge";"Ram SRT10";"##TDU2UPv0.4##";"11";"46600";"5,4";"247";"130";"13,3";"3";"2";"6";"8285";"1";"8";"0";"500";"5600";"712";"4200";"6500";"4";"1762";"5159";"2029";"1650";"1630";"3061";"2330";"2";"2";"2033";"380";"2033";"360"
"323";"Volkswagen";"Touareg V10 TDI";"##OG##";"12";"65000";"7,4";"229";"130";"0";"1";"1";"6";"4921";"1";"8";"1";"309";"3750";"750";"2000";"4500";"1";"1726";"4754";"1928";"1706";"1674";"2825";"2602";"5";"4";"2033";"350";"2033";"330"
"280";"Wiesmann";"Roadster MF3";"##OG##CLUB##";"5";"150000";"4,7";"255";"120";"0";"1";"3";"6";"3246";"1";"6";"0";"338";"7900";"365";"4900";"8000";"4";"1160";"3852";"1750";"1434";"1410";"2363";"1180";"2";"2";"2049";"315";"2049";"312"
"9002";"Toyota";"Supra Twin Turbo";"##TDU2UPv0.4##";"6";"62000";"5,3";"285";"120";"0";"3";"2";"6";"2997";"1";"6";"2";"325";"5600";"441";"4000";"7150";"4";"1275";"4520";"1810";"1537";"1535";"2550";"1540";"4";"2";"2033";"323";"2033";"324"
"1513";"Ducati";"Desmosedici RR";"##OG##DLC##";"18";"72500";"2,8";"303";"115";"9,5";"4";"2";"6";"989";"2";"17";"0";"197";"13800";"116";"10500";"15000";"4";"1140";"2074";"463";"0";"0";"1466";"171";"1";"0";"2050";"330";"2051";"240"
"1512";"Ducati";"Hypermotard 1100 S";"##UNFINISHED##";"18";"13495";"100";"230";"115";"0";"3";"2";"6";"1078";"2";"11";"0";"90";"7750";"103";"4750";"10000";"4";"1140";"2030";"700";"0";"0";"1455";"177";"2";"0";"2050";"320";"2051";"240"
"1501";"Ducati";"Monster S4R";"##UNFINISHED##TDU1##";"18";"13500";"4";"240";"119";"0";"3";"2";"6";"996";"2";"11";"0";"117";"8750";"97";"7000";"11000";"4";"1146";"2032";"671";"0";"0";"1427";"193";"2";"0";"2052";"320";"2051";"245"
"1509";"Kawasaki";"KX 450F ##";"##UNFINISHED##";"19";"7800";"3,5";"150";"0";"0";"3";"2";"5";"449";"2";"1";"0";"56";"8500";"51";"7000";"10000";"4";"1280";"2185";"820";"0";"0";"1485";"100";"1";"0";"2034";"250";"2034";"240"
"1510";"Kawasaki";"KFX 450R ##";"##UNFINISHED##";"18";"7400";"5";"150";"0";"0";"3";"2";"5";"449";"2";"1";"0";"56";"8500";"51";"7000";"10000";"4";"1064";"1806";"1171";"0";"0";"1485";"165";"1";"0";"2034";"160";"2034";"200"
"1503";"Kawasaki";"Ninja ZX-10R";"##UNFINISHED##";"18";"14000";"3";"295";"118";"0";"3";"2";"6";"998";"2";"5";"0";"184";"11700";"115";"9500";"14000";"4";"1104";"2004";"720";"0";"0";"1395";"170";"1";"0";"2055";"300";"2056";"220"
"9903";"Kawasaki";"Ninja ZX-10R";"##TDU2UPv0.4##";"18";"13999";"3";"296";"115";"10,07";"4";"2";"6";"998";"2";"17";"0";"197";"13000";"113";"11500";"13000";"4";"1140";"2074";"463";"0";"0";"1466";"179";"1";"0";"2050";"310";"2051";"220"
"1505";"MV Agusta";"F4 Tamburini";"##UNFINISHED##TDU1##";"18";"45000";"3,1";"306";"115";"0";"3";"2";"6";"909";"2";"5";"0";"173";"11750";"113";"9200";"17000";"4";"1124";"1991";"761";"0";"0";"1382";"187";"1";"0";"2034";"310";"2034";"210"
"1506";"MV Agusta";"F4 Brutale 910S";"##UNFINISHED##TDU1##";"18";"16000";"3,5";"257";"118";"0";"3";"2";"6";"909";"2";"5";"0";"136";"11000";"96";"7900";"15000";"4";"1060";"2030";"844";"0";"0";"1425";"185";"2";"0";"2034";"310";"2034";"210"
"1508";"Triumph";"Speed Triple ##";"##UNFINISHED##TDU1##";"18";"11500";"3,3";"230";"124";"0";"3";"2";"6";"1050";"2";"4";"0";"128";"9100";"105";"5100";"12000";"4";"1085";"2128";"809";"0";"0";"1457";"214";"1";"0";"2050";"320";"2034";"220"
"2028";"TRAFFIC";"Bus 1";"##T##";"7";"0";"0";"130";"0";"0";"3";"2";"3";"3000";"1";"13";"0";"300";"2500";"570";"2500";"5900";"3";"2133";"5650";"1847";"1650";"1517";"3375";"3000";"##";"0";"37";"746";"37";"746"
"2002";"TRAFFIC";"Compact 2";"##T##";"7";"0";"0";"200";"0";"0";"3";"2";"5";"2500";"1";"13";"0";"200";"1800";"250";"2500";"5500";"3";"1368";"4100";"1565";"1255";"1282";"2553";"1300";"##";"0";"37";"713";"37";"713"
"2001";"TRAFFIC";"Compact 1";"##T##";"7";"0";"0";"200";"0";"0";"3";"2";"5";"2500";"1";"13";"0";"200";"1800";"250";"2500";"5500";"3";"1576";"4780";"1878";"1486";"1448";"2675";"1300";"##";"0";"37";"708";"37";"708"
"2003";"TRAFFIC";"Compact 3";"##T##";"7";"0";"0";"200";"0";"0";"3";"2";"5";"2500";"1";"13";"0";"200";"1800";"250";"2500";"5500";"3";"1440";"4845";"1832";"1450";"1401";"2834";"1300";"##";"0";"37";"706";"37";"706"
"2005";"TRAFFIC";"Fullsize 2";"##T##";"7";"0";"0";"130";"0";"0";"3";"2";"5";"4196";"1";"13";"0";"130";"5800";"155";"5800";"7500";"1";"1545";"5546";"2048";"1557";"1566";"3507";"2000";"##";"0";"37";"908";"37";"908"
"2006";"TRAFFIC";"Fullsize 3";"##T##";"7";"0";"0";"130";"0";"0";"3";"2";"5";"4196";"1";"13";"0";"130";"5800";"155";"5800";"7500";"1";"1506";"5276";"1800";"1530";"1530";"2857";"1600";"##";"0";"37";"740";"37";"740"
"2007";"TRAFFIC";"Fullsize 4";"##T##";"7";"0";"0";"130";"0";"0";"3";"2";"5";"4196";"1";"13";"0";"130";"5800";"155";"5800";"7500";"1";"1910";"4964";"2047";"1739";"1739";"3021";"2000";"##";"0";"37";"907";"37";"907"
"2008";"TRAFFIC";"Compact 4";"##T##";"7";"0";"0";"180";"0";"0";"3";"2";"5";"4196";"1";"13";"0";"130";"5800";"155";"5800";"7500";"1";"1938";"4871";"2036";"1759";"1759";"3119";"2000";"##";"0";"37";"886";"37";"886"
"2009";"TRAFFIC";"Compact 5";"##T##";"7";"0";"0";"130";"0";"0";"3";"2";"5";"4196";"1";"13";"0";"130";"5800";"155";"5800";"7500";"1";"3202";"7524";"2434";"1847";"1847";"4530";"4500";"##";"0";"37";"854";"37";"854"
"2010";"TRAFFIC";"Suv 4";"##T##";"7";"0";"0";"180";"0";"0";"3";"2";"5";"2600";"1";"13";"0";"230";"1800";"320";"2500";"5500";"1";"2053";"5118";"1919";"1560";"1487";"3151";"2000";"##";"0";"37";"878";"37";"878"
"2004";"TRAFFIC";"Fullsize 1";"##T##";"7";"0";"0";"200";"0";"0";"3";"2";"5";"2500";"1";"13";"0";"200";"1800";"250";"2500";"5500";"3";"1120";"4200";"1527";"1228";"1218";"2482";"1300";"##";"0";"37";"708";"37";"708"
"2019";"Generic Car";"Pick_Up 3";"##T##";"7";"0";"0";"130";"0";"0";"3";"2";"5";"4196";"1";"13";"0";"150";"5800";"170";"5800";"7500";"1";"2336";"8353";"2167";"1604";"1545";"4542";"3500";"##";"0";"37";"1005";"37";"1005"
"2032";"TRAFFIC";"Police 1";"##T##";"7";"0";"0";"240";"0";"0";"3";"2";"6";"4196";"1";"9";"0";"572";"3000";"650";"5000";"7500";"3";"1634";"5400";"1793";"1436";"1466";"2843";"1600";"##";"0";"37";"746";"37";"746"
"2014";"TRAFFIC";"Minivan 1";"##T##";"7";"0";"0";"140";"0";"0";"3";"2";"4";"3000";"1";"12";"0";"230";"1800";"270";"2500";"5500";"3";"1803";"5300";"1728";"1429";"1429";"3253";"2000";"##";"0";"37";"712";"37";"712"
"2015";"TRAFFIC";"Minivan 2";"##T##";"7";"0";"0";"130";"0";"0";"3";"2";"5";"4196";"1";"13";"0";"130";"5800";"155";"5800";"7500";"1";"1135";"4500";"1800";"1700";"1700";"2500";"2000";"##";"0";"37";"610";"37";"610"
"2016";"TRAFFIC";"Pompier 1";"##T##";"7";"0";"0";"130";"0";"0";"3";"2";"3";"4196";"1";"13";"0";"350";"1800";"400";"2000";"5800";"3";"2886";"8600";"2163";"1834";"1749";"4494";"3800";"##";"0";"37";"977";"37";"977"
"2017";"TRAFFIC";"Pick_Up 1";"##T##";"7";"0";"0";"180";"0";"0";"3";"2";"5";"2600";"1";"13";"0";"230";"1800";"290";"2500";"5500";"1";"1725";"4900";"1765";"1550";"1550";"3090";"2000";"##";"0";"37";"805";"37";"805"
"2018";"Generic Car";"Pick_Up 2";"##T##";"7";"0";"0";"130";"0";"0";"3";"2";"5";"4196";"1";"13";"0";"150";"5800";"170";"5800";"7500";"1";"1904";"5532";"2036";"1798";"1800";"3493";"1800";"##";"0";"37";"828";"37";"828"
"2011";"TRAFFIC";"Suv 1";"##T##";"7";"0";"0";"180";"0";"0";"3";"2";"5";"2600";"1";"13";"0";"230";"1800";"320";"2500";"5500";"1";"1752";"4437";"1851";"1529";"1529";"2685";"2000";"##";"0";"37";"758";"37";"758"
"2012";"TRAFFIC";"Suv 2";"##T##";"7";"0";"0";"180";"0";"0";"3";"2";"5";"2600";"1";"13";"0";"230";"1800";"300";"2500";"6000";"1";"1669";"4400";"1762";"1473";"1453";"2802";"2000";"##";"0";"37";"713";"37";"713"
"2013";"TRAFFIC";"Suv 3";"##T##";"7";"0";"0";"170";"0";"0";"3";"2";"5";"2600";"1";"13";"0";"230";"1800";"400";"2500";"5500";"1";"1648";"4700";"1722";"1328";"1277";"2890";"2000";"##";"0";"37";"709";"37";"709"
"2020";"Generic Car";"TruckR 1";"##T##";"7";"0";"0";"130";"0";"0";"3";"2";"5";"4196";"1";"13";"0";"300";"5300";"400";"3000";"6750";"1";"3255";"5198";"2346";"1828";"1826";"3583";"10000";"##";"0";"37";"1000";"37";"1000"
"2023";"TRAFFIC";"Truck 1";"##T##";"7";"0";"0";"120";"0";"0";"3";"2";"3";"4196";"1";"13";"0";"350";"1800";"400";"2000";"5800";"3";"3202";"7550";"2434";"1847";"1847";"4530";"3800";"##";"0";"37";"854";"37";"854"
"2024";"TRAFFIC";"Suv 6";"##T##";"7";"0";"0";"170";"0";"0";"3";"2";"5";"2600";"1";"13";"0";"230";"1800";"400";"2500";"5500";"1";"1840";"4633";"2000";"1588";"1608";"2920";"2000";"##";"0";"37";"814";"37";"814"
"2025";"TRAFFIC";"Truck 2";"##T##";"7";"0";"0";"120";"0";"0";"3";"2";"3";"4196";"1";"13";"0";"350";"1800";"400";"2000";"5800";"3";"3142";"8368";"2249";"1830";"1851";"5634";"3800";"##";"0";"37";"924";"37";"924"
"2026";"Generic Car";"TruckR 2";"##T##";"7";"0";"0";"150";"0";"0";"3";"2";"5";"4196";"1";"13";"0";"300";"5300";"400";"3000";"6750";"1";"2782";"4896";"1948";"1676";"1676";"3166";"10000";"##";"0";"37";"977";"37";"977"
"2027";"Generic Car";"TruckR 3";"##T##";"7";"0";"0";"150";"0";"0";"3";"2";"5";"4196";"1";"13";"0";"300";"5300";"400";"3000";"6750";"1";"2619";"5144";"2327";"692";"1864";"3430";"10000";"##";"0";"37";"977";"37";"977"
"2021";"TRAFFIC";"Truck 3";"##T##";"7";"0";"0";"120";"0";"0";"3";"2";"3";"4196";"1";"13";"0";"350";"1800";"400";"2000";"5800";"3";"2079";"7834";"2424";"2060";"1814";"5143";"3800";"##";"0";"37";"1005";"37";"1005"
"2029";"Generic Car";"Bus 2";"##T##";"7";"0";"0";"100";"0";"0";"3";"2";"5";"4196";"1";"13";"0";"150";"5800";"170";"5800";"7500";"1";"1135";"4500";"1800";"1700";"1700";"2500";"3600";"##";"0";"37";"610";"37";"610"
"2030";"Generic Car";"Bus 3";"##T##";"7";"0";"0";"100";"0";"0";"3";"2";"5";"4196";"1";"13";"0";"150";"5800";"170";"5800";"7500";"1";"1135";"4500";"1800";"1700";"1700";"2500";"3600";"##";"0";"37";"610";"37";"610"
"2031";"TRAFFIC";"Taxi 1";"##T##";"7";"0";"0";"200";"0";"0";"3";"2";"5";"2500";"1";"13";"0";"230";"1800";"250";"2500";"5500";"3";"1368";"4128";"1565";"1255";"1282";"2573";"1300";"##";"0";"37";"713";"37";"713"
"2022";"Generic Car";"Truck 4";"##T##";"7";"0";"0";"130";"0";"0";"3";"2";"5";"4196";"1";"13";"0";"150";"5800";"170";"5800";"7500";"1";"1704";"5835";"2200";"1646";"1669";"3674";"2500";"##";"0";"37";"853";"37";"853"
"2033";"TRAFFIC";"Limousine 1";"##T##";"7";"0";"0";"150";"0";"0";"3";"2";"5";"2600";"1";"13";"0";"220";"1800";"320";"2500";"5500";"3";"1580";"8090";"2069";"1680";"1680";"5674";"2600";"##";"0";"37";"712";"37";"712"
"2034";"TRAFFIC";"Suv 5";"##T##";"7";"0";"0";"190";"0";"0";"3";"2";"5";"2600";"1";"13";"0";"220";"1800";"320";"2500";"5500";"1";"1698";"4500";"1765";"1380";"1384";"2673";"2000";"##";"0";"37";"814";"37";"814"
"9999";"Generic Car";"Murciélago Coupe";"##DEFAULT##";"7";"250000";"4";"332";"37";"12,1";"3";"2";"6";"6192";"1";"9";"0";"572";"7500";"650";"5400";"7500";"1";"1135";"4580";"2045";"1695";"1635";"2665";"1650";"2";"2";"2033";"335";"2038";"335"
"999";"Car Not Downloaded";"## ##";"##DEFAULT##";"7";"250000";"4";"332";"130";"12,1";"3";"2";"6";"6192";"0";"9";"0";"1000";"10000";"1500";"10000";"10000";"1";"1374";"4554";"1847";"1520";"1620";"2854";"1300";"2";"2";"37";"335";"37";"335"
"666";"Bike Not Downloaded";"## ##";"##DEFAULT##";"19";"250000";"4";"332";"100";"12,1";"3";"2";"6";"998";"0";"5";"0";"184";"11700";"115";"9500";"13000";"4";"1176";"2010";"812";"0";"0";"1398";"200";"2";"2";"37";"335";"37";"335"
"1038";"Dodge";"2CV ##";"##UNFINISHED##";"1";"5000";"0";"250";"180";"22,7";"3";"2";"4";"602";"1";"11";"0";"600";"5500";"500";"2500";"12000";"3";"1549";"3834";"1473";"1265";"1260";"2400";"560";"4";"4";"2035";"100";"2033";"100"
"316";"Abarth";"Grande Punto S2000 ##";"##UNFINISHED##";"12";"170000";"3,9";"250";"102";"0";"3";"2";"6";"1997";"1";"5";"0";"280";"8250";"230";"6500";"10000";"1";"1300";"4249";"1896";"1564";"1573";"2660";"1250";"2";"2";"2033";"355";"2033";"300"
"102";"AC";"Cobra 427";"##OG##WRECK##";"15";"400000";"4,7";"264";"135";"12,4";"3";"2";"4";"6997";"1";"13";"0";"410";"6000";"651";"3500";"7100";"4";"1245";"3962";"1727";"1541";"1366";"2286";"1035";"2";"2";"2034";"297";"2034";"273"
"331";"Alfa Romeo";"Coupe 33 Stradale";"##UNFINISHED##";"15";"0";"5,5";"280";"130";"0";"3";"2";"5";"1995";"2";"13";"0";"230";"8800";"183";"7000";"10000";"4";"980";"4060";"1800";"1440";"1350";"2350";"720";"2";"2";"2034";"300";"2034";"300"
"105";"Alfa Romeo";"8C Competizione";"##OG##";"4";"230000";"4,5";"306";"120";"0";"2";"3";"6";"4691";"1";"13";"0";"444";"7000";"480";"4750";"8000";"4";"1341";"4381";"1894";"1590";"1590";"2646";"1585";"2";"2";"2033";"380";"2033";"330"
"275";"Alfa Romeo";"Brera 3,2L V6 JTS Q4 Sky View";"##UNFINISHED##";"5";"43800";"6,8";"240";"118";"0";"3";"2";"6";"3195";"1";"12";"0";"260";"6200";"322";"4500";"8000";"4";"1370";"4460";"1899";"1621";"1621";"2551";"1630";"2+2";"2";"2033";"330";"2033";"292"
"345";"Ariel";"Atom 300 Supercharged";"##OG##";"2";"60000";"3,4";"249";"100";"11";"3";"2";"6";"1998";"3";"5";"1";"300";"7900";"285";"6500";"9000";"4";"1200";"3410";"1830";"1605";"1635";"2345";"456";"2";"0";"2033";"240";"2034";"240"
"106";"Ascari";"KZ1 ##";"##UNFINISHED##TDU1##";"2";"150000";"3,9";"320";"110";"0";"3";"2";"6";"4941";"2";"13";"0";"500";"7000";"500";"4500";"8000";"4";"1138";"4300";"1852";"1475";"1569";"2636";"1330";"2";"2";"2046";"0";"2046";"0"
"112";"Aston Martin";"V8 Vantage ";"##OG##";"5";"122000";"4,9";"290";"110";"0";"3";"2";"6";"4735";"1";"13";"0";"420";"7000";"470";"5000";"7300";"4";"1269";"4359";"1828";"1550";"1560";"2586";"1630";"2";"2";"2033";"355";"2038";"330"
"110";"Aston Martin";"DB9 Volante";"##OG##";"5";"185000";"5,1";"308";"110";"0";"3";"3";"6";"5935";"1";"9";"0";"470";"6000";"600";"5000";"7200";"4";"1315";"4720";"1873";"1580";"1629";"2828";"1815";"4";"2";"2033";"355";"2033";"330"
"343";"Audi";"R8 Coupé 4.2 FSI quattro";"##TDU2UPv0.1##";"4";"114000";"4,3";"301";"110";"0";"1";"1";"6";"4163";"2";"8";"0";"420";"7800";"430";"4500";"8500";"1";"1249";"4431";"1904";"1595";"1632";"2650";"1635";"2";"2";"2033";"365";"2033";"356"
"350";"Audi";"S5 Coupé";"##OG##";"6";"53000";"5,4";"280";"125";"0";"2";"2";"6";"4163";"1";"13";"0";"349";"7000";"440";"3500";"7200";"1";"1369";"4635";"1854";"1600";"1605";"2751";"1640";"4";"2";"2033";"330";"2033";"260"
"322";"Audi";"TTS Coupé";"##OG##";"6";"47000";"5,6";"257";"119";"0";"1";"2";"6";"1984";"1";"5";"1";"268";"6000";"350";"2500";"7100";"1";"1352";"4178";"1842";"1558";"1572";"2468";"1395";"2";"2";"2033";"334";"2033";"265"
"348";"Audi";"Q7 V12 TDI quattro";"##OG##";"11";"160000";"5,5";"262";"120";"0";"1";"3";"6";"5934";"1";"9";"2";"493";"3750";"1000";"1750";"5000";"1";"1737";"5063";"2000";"1647";"1619";"3009";"2605";"7";"4";"2033";"420";"2033";"370"
"344";"BMW";"M3 Coupé";"##TDUW##Vitaliy997##";"5";"60100";"4,8";"305";"120";"13,1";"3";"2";"6";"3999";"1";"13";"0";"414";"8300";"400";"3900";"8400";"4";"1418";"4615";"1804";"1539";"1538";"2761";"1580";"4";"2";"2033";"360";"2033";"350"
"346";"BMW";"M6 Convertible";"##UNFINISHED##";"5";"113100";"4,6";"320";"120";"0";"3";"3";"7";"4999";"1";"8";"0";"507";"7750";"520";"6100";"9000";"4";"1372";"4871";"1855";"1584";"1567";"2781";"2005";"2";"2";"2033";"373";"2033";"370"
"353";"Bugatti";"Veyron 16.4";"##OG##";"1";"1600000";"2,5";"407";"100";"0";"4";"3";"7";"7993";"2";"15";"4";"987";"6000";"1250";"2200";"7000";"1";"1206";"4466";"1998";"1705";"1733";"2710";"1888";"2";"2";"2036";"400";"2036";"400"
"314";"Eden Games";"Buggy V8";"##OG##WRECK##";"10";"250000";"4,5";"250";"135";"0";"1";"2";"4";"5000";"1";"13";"1";"375";"6300";"510";"4000";"6500";"1";"1813";"5129";"2327";"2078";"1798";"3487";"1250";"2";"0";"2046";"350";"2046";"350"
"240";"Cadillac";"XLR-V ##";"##UNFINISHED##TDU1##";"4";"100000";"4,9";"260";"120";"0";"3";"1";"6";"4371";"1";"13";"1";"440";"6400";"576";"3600";"7000";"4";"1279";"4513";"1836";"1578";"1564";"2685";"1653";"2";"2";"2041";"340";"2038";"330"
"218";"Chevrolet";"Camaro RS/SS 396cid";"##TDU2UPv0.4##";"16";"71500";"6,4";"235";"161";"14,7";"2";"2";"4";"6489";"1";"13";"0";"375";"5600";"563";"3600";"7000";"4";"1298";"4724";"1880";"1524";"1537";"2750";"1652";"4";"2";"2034";"279";"2035";"270"
"242";"Chevrolet";"Corvette C1";"##OG##";"17";"25000";"6,9";"201";"165";"0";"2";"2";"4";"4639";"1";"13";"0";"250";"5000";"414";"3800";"6000";"4";"1295";"4302";"1791";"1500";"1500";"2654";"1310";"2";"2";"2035";"0";"2035";"0"
"354";"Lamborghini";"Gallardo LP 570-4 Superleggera";"##TDU2UPv0.4##";"2";"237600";"3,4";"325";"105";"11";"2";"3";"6";"5204";"2";"8";"0";"562";"8000";"540";"6500";"8500";"1";"1165";"4386";"1900";"1597";"1632";"2560";"1340";"2";"2";"2036";"380";"2036";"356"
"355";"Lancia";"Delta HF Integrale Evoluzione II";"##OG##";"17";"24000";"6,3";"220";"142";"0";"1";"2";"5";"1995";"1";"5";"1";"215";"5750";"314";"2500";"6500";"1";"1365";"3886";"1770";"1480";"1485";"2466";"1340";"2";"4";"2033";"281";"2033";"251"
"347";"BAC";"X-Bow ##";"##UNFINISHED##";"1";"56000";"3,9";"220";"32";"0";"3";"3";"6";"1984";"3";"5";"0";"237";"5500";"310";"2200";"8000";"4";"1185";"3685";"1892";"1586";"1642";"2624";"790";"2";"0";"2033";"305";"2033";"262"
"356";"BAC";"Mono ";"##TDU2UPv0.4##";"1";"160000";"2,9";"274";"100";"0";"4";"3";"6";"2261";"3";"5";"0";"280";"7700";"280";"6000";"9000";"4";"1110";"3952";"1800";"1556";"1542";"2565";"540";"1";"0";"2033";"295";"2034";"295"
"357";"Audi";"Sport quattro E2";"##TDUW##DLC##";"9";"500000";"3,1";"255";"50";"0";"4";"2";"5";"2110";"1";"3";"1";"550";"7500";"550";"5500";"8500";"1";"1344";"4240";"1860";"1502";"1520";"2225";"1090";"2";"2";"2033";"330";"2033";"304"
"358";"Lancia";"Stratos HF Gruppo 4";"##OG##WRECK##";"10";"350000";"4,6";"245";"43,9";"0";"3";"2";"5";"2418";"2";"12";"0";"294";"8500";"300";"6000";"9000";"4";"1103";"3725";"1804";"1485";"1370";"2107";"1016";"2";"2";"2033";"267";"2033";"267"
"334";"Ferrari";"Ferrari FXX";"##UNFINISHED##";"1";"3000000";"3,3";"349";"80";"11,1";"3";"3";"6";"6262";"2";"9";"0";"800";"8500";"690";"5750";"10000";"4";"1176";"4779";"2031";"1650";"1665";"2631";"1465";"2";"2";"2036";"381";"2036";"381"
"359";"Nissan";"Skyline R34 GT-R M-Spec Nür";"##TDU2UPv0.3##";"5";"90000";"4,9";"282";"125";"13";"2";"1";"6";"2568";"1";"6";"2";"332";"7580";"392";"5215";"8000";"1";"1366";"4475";"2031";"1480";"1480";"2673";"1580";"2";"2";"2033";"330";"2033";"260"
"360";"Dodge";"Challenger Concept";"##UNFINISHED##";"1";"100000";"4,5";"280";"122";"13,3";"3";"1";"5";"6059";"1";"13";"0";"425";"6000";"569";"4800";"8000";"4";"1278";"4425";"1790";"1446";"1446";"2604";"1890";"5";"2";"2033";"360";"2033";"360"
"361";"Spyker";"C12 Zagato";"##OG##";"3";"650000";"3,8";"315";"100";"0";"1";"3";"6";"5998";"2";"14";"0";"500";"6500";"610";"6500";"8000";"4";"1250";"4505";"2031";"1728";"1574";"2660";"1480";"2";"2";"2033";"356";"2033";"330"
"362";"Chevrolet";"Camaro ZL1";"##TDU2UPv0.3##";"4";"54500";"4,6";"303";"109";"12,3";"2";"2";"6";"6162";"1";"13";"0";"580";"6000";"754";"4200";"6250";"4";"1346";"4860";"1923";"1720";"1710";"2855";"1850";"5";"2";"2046";"355";"2046";"340"
"363";"Ferrari";"599 GTB Fiorano";"##UNFINISHED##";"3";"280000";"3,7";"321";"109";"11,2";"3";"3";"6";"5999";"1";"9";"0";"620";"7600";"620";"5600";"9000";"4";"1336";"4665";"1962";"1618";"1690";"2750";"1690";"2";"2";"2036";"355";"2036";"330"
"364";"Ferrari";"F1 F2004";"##UNFINISHED##";"1";"5000000";"2,5";"340";"60";"0";"3";"3";"7";"2997";"2";"9";"0";"880";"16000";"400";"14000";"20000";"4";"959";"4545";"1796";"1405";"1470";"3050";"605";"1";"0";"2036";"381";"2036";"381"
"365";"Gumpert";"Apollo Sport";"##OG##CLUB##";"1";"497000";"3";"360";"100";"0";"2";"3";"6";"4163";"2";"13";"2";"740";"6000";"900";"4000";"7500";"4";"1120";"4690";"1995";"1800";"1800";"2826";"1200";"2";"2";"2049";"378";"2049";"378"
"366";"Chevrolet";"C6-R_TS ##";"##UNFINISHED##";"1";"500000";"3,5";"320";"70";"0";"3";"3";"6";"6980";"1";"13";"0";"570";"5400";"841";"4400";"8000";"4";"1163";"4511";"1999";"1603";"1580";"2685";"1100";"1";"2";"2049";"380";"2049";"335"
"269";"Chevrolet";"Corvette C6 ZR1";"##OG##DLC##";"3";"111600";"3,7";"330";"109";"12,2";"3";"2";"6";"7011";"1";"13";"1";"638";"6500";"820";"3800";"7000";"4";"1251";"4537";"1923";"1605";"1620";"2676";"1521";"2";"2";"2046";"355";"2046";"340"
"371";"Ford";"Mustang Fastback 302cid";"##OG##";"17";"23000";"8,4";"196";"160";"0";"2";"1";"3";"4942";"1";"13";"0";"230";"4400";"407";"2600";"7000";"4";"1310";"4740";"1815";"1473";"1473";"2713";"1322";"2+2";"2";"2034";"290";"2035";"254"
"372";"Volkswagen";"Golf VI GTI";"##OG##";"7";"25000";"7";"240";"140";"0";"1";"2";"6";"1984";"1";"5";"1";"207";"5800";"280";"1700";"6500";"3";"1469";"4213";"1779";"1514";"1533";"2578";"1318";"5";"2";"2033";"312";"2033";"282"
"373";"Ford";"Escort RS Cosworth";"##UNFINISHED##";"17";"28000";"6,2";"232";"0";"0";"3";"2";"5";"1993";"1";"5";"1";"227";"6250";"304";"3500";"7000";"1";"1405";"4211";"1738";"1472";"1453";"2552";"1275";"5";"2";"2033";"278";"2033";"273"
"370";"Bugatti";"Veyron 16.4 Grand Sport";"##OG##";"1";"2000000";"2,5";"407";"100";"0";"4";"3";"7";"7993";"2";"15";"4";"987";"6000";"1250";"2200";"7000";"1";"1206";"4466";"1998";"1705";"1733";"2710";"1968";"2";"2";"2036";"400";"2036";"400"
"3004";"TRAFFIC";"Ibiza_ Firetruck";"##T##";"7";"0";"0";"120";"0";"0";"3";"2";"3";"4196";"1";"13";"0";"350";"1800";"400";"2000";"5800";"3";"3717";"8414";"2481";"1920";"1898";"4964";"3800";"##";"0";"37";"1136";"37";"1136"
"3005";"TRAFFIC";"Ibiza_High_ A";"##T##";"7";"0";"0";"220";"0";"0";"3";"2";"5";"2500";"1";"13";"0";"200";"1800";"250";"2500";"5500";"3";"1576";"3938";"1878";"1566";"1518";"2520";"1300";"##";"0";"37";"635";"37";"635"
"3006";"TRAFFIC";"Ibiza_Medium_ A";"##T##";"7";"0";"0";"170";"0";"0";"3";"2";"5";"1600";"1";"12";"0";"130";"1800";"200";"2500";"5500";"3";"1576";"4385";"1878";"1566";"1518";"2679";"1300";"##";"0";"37";"639";"37";"639"
"3007";"TRAFFIC";"Ibiza_Medium_ B";"##T##";"7";"0";"0";"170";"0";"0";"3";"2";"5";"1600";"1";"13";"0";"130";"1800";"190";"2500";"5250";"3";"1576";"4173";"1878";"1266";"1200";"2758";"1300";"##";"0";"37";"708";"37";"708"
"3008";"TRAFFIC";"Ibiza_ Offroad";"##T##";"7";"0";"0";"180";"0";"0";"3";"2";"5";"2000";"1";"13";"0";"200";"2500";"250";"2500";"5500";"1";"1576";"4443";"1878";"1566";"1518";"2596";"1900";"##";"0";"37";"800";"37";"800"
"3009";"TRAFFIC";"Ibiza_ Police";"##T##";"7";"0";"0";"220";"0";"0";"3";"2";"5";"2500";"1";"13";"0";"200";"2000";"290";"2500";"6800";"3";"1576";"4100";"1878";"1456";"1458";"2458";"1300";"##";"0";"37";"634";"37";"634"
"389";"Alfa Romeo";"Brera Italia Independent";"##OG##";"7";"45000";"7";"244";"125";"0";"1";"2";"6";"3200";"1";"12";"0";"256";"6300";"322";"4500";"7000";"3";"1341";"4410";"1830";"1559";"1579";"2528";"1600";"5";"2";"2033";"330";"2033";"292"
"3010";"TRAFFIC";"Ibiza_ Tractor";"##T##";"7";"0";"0";"60";"0";"0";"3";"2";"2";"1200";"1";"13";"0";"110";"1500";"550";"2500";"4300";"1";"1576";"2995";"1878";"1724";"1407";"2118";"1900";"##";"0";"37";"1074";"37";"1340"
"3011";"TRAFFIC";"Ibiza_Truck_ A";"##T##";"7";"0";"0";"180";"0";"0";"3";"2";"5";"4196";"1";"13";"0";"130";"5800";"155";"5800";"7500";"1";"1576";"4753";"1878";"1566";"1518";"2675";"1300";"##";"0";"37";"1136";"37";"1136"
"3012";"TRAFFIC";"Ibiza_ Van";"##T##";"7";"0";"0";"110";"0";"0";"3";"2";"5";"1200";"1";"5";"0";"110";"1500";"160";"2500";"4600";"1";"1576";"5200";"1878";"1566";"1518";"3004";"1600";"##";"0";"37";"639";"37";"639"
"3013";"TRAFFIC";"Ibiza_low_ B";"##T##";"7";"0";"0";"160";"0";"0";"3";"2";"5";"1400";"1";"5";"0";"130";"2000";"240";"2500";"5800";"3";"1363";"4327";"1692";"1371";"1371";"2440";"1300";"##";"0";"37";"613";"37";"613"
"3014";"TRAFFIC";"Ibiza_ Taxi";"##T##";"7";"0";"0";"170";"0";"0";"3";"2";"5";"1600";"1";"5";"0";"200";"2500";"260";"2500";"5500";"3";"1720";"4450";"1751";"1461";"1461";"2684";"1500";"##";"0";"37";"710";"37";"710"
"115";"Pagani";"Zonda C12S 7.3 Roadster";"##OG##";"3";"600000";"3,8";"336";"127";"0";"1";"2";"6";"7010";"2";"9";"0";"547";"5900";"750";"4050";"7300";"4";"1151";"4395";"2055";"1590";"1605";"2730";"1310";"2";"2";"2033";"355";"2033";"355"
"368";"Pagani";"Zonda F";"##OG##";"2";"667000";"3,7";"345";"100";"0";"2";"2";"6";"7291";"2";"9";"0";"602";"6150";"760";"4000";"7000";"4";"1141";"4435";"2055";"1564";"1573";"2717";"1230";"2";"2";"2033";"380";"2033";"355"
"377";"Dodge";"Challenger SRT8";"##UNFINISHED##";"4";"43655";"4,9";"280";"122";"13,3";"3";"1";"5";"6059";"1";"13";"0";"425";"6000";"637";"4300";"8000";"4";"1450";"5022";"1923";"1603";"1600";"2947";"1878";"5";"2";"2034";"360";"2034";"350"
"378";"Chevrolet";"Camaro 1LT";"##OG##";"6";"23880";"6,4";"255";"115";"0";"2";"1";"6";"3564";"1";"12";"0";"304";"6400";"371";"5200";"7500";"4";"1377";"4839";"1918";"1697";"1687";"2893";"1697";"5";"2";"2034";"321";"2034";"315"
"375";"Mercedes-Benz";"ML 63 AMG";"##OG##";"11";"95860";"5,2";"275";"125";"0";"1";"3";"7";"6208";"1";"13";"0";"503";"6800";"630";"5200";"7500";"1";"1899";"4861";"1951";"1700";"1680";"2948";"2310";"5";"2";"2033";"380";"2033";"340"
"376";"Land Rover";"Range Rover Sport HSE";"##OG##";"11";"60800";"5,5";"260";"122";"0";"1";"1";"6";"4999";"1";"13";"1";"503";"6500";"625";"2500";"6900";"1";"1789";"4763";"2004";"1710";"1710";"2760";"2589";"5";"4";"2033";"380";"2033";"350"
"374";"Audi";"S3 ";"##OG##";"6";"43000";"5,9";"253";"128";"0";"1";"2";"6";"1984";"1";"5";"1";"265";"6000";"350";"2500";"7300";"1";"1399";"4230";"1995";"1507";"1522";"2578";"1455";"5";"2";"2033";"334";"2033";"265"
"379";"Audi";"TT RS Roadster";"##OG##";"5";"77000";"4,7";"280";"119";"0";"1";"2";"6";"2480";"1";"3";"1";"335";"5400";"450";"1600";"7000";"1";"1348";"4198";"1842";"1546";"1555";"2468";"1510";"4";"2";"2033";"370";"2033";"310"
"380";"Lotus";"Esprit S3";"##OG##";"17";"20000";"7";"217";"147";"0";"3";"2";"5";"2174";"1";"5";"0";"160";"6500";"217";"5000";"7000";"4";"1122";"4198";"1859";"1570";"1590";"2456";"1067";"2";"2";"2034";"267";"2039";"274"
"381";"Mercedes-Benz";"CLK 63 AMG Black Series";"##OG##";"4";"135750";"4,3";"320";"110";"0";"3";"3";"7";"6208";"1";"13";"0";"500";"6800";"630";"5250";"7250";"4";"1365";"4674";"1833";"1650";"1600";"2725";"1760";"2";"2";"2046";"360";"2046";"330"
"382";"Ford";"Mustang V6 Premium";"##TDU2UPv0.1##";"7";"26000";"7,2";"221";"130";"0";"2";"1";"5";"4009";"1";"12";"0";"210";"5300";"325";"3500";"7000";"4";"1430";"4769";"1919";"1687";"1681";"2723";"1543";"4";"2";"2034";"293";"2034";"300"
"383";"Koenigsegg";"CCXR Edition";"##OG##";"1";"2175000";"2,9";"407";"100";"0";"4";"2";"6";"4800";"3";"13";"0";"1018";"7000";"1060";"5600";"7600";"4";"1148";"4293";"1996";"1661";"1661";"2660";"1280";"2";"2";"2033";"380";"2033";"362"
"384";"Ginetta";"F400 ";"##OG##";"3";"118000";"3,9";"298";"104";"0";"1";"2";"6";"2968";"2";"12";"1";"410";"6500";"459";"6100";"7500";"4";"1211";"4273";"1978";"1655";"1660";"2718";"1046";"2";"2";"2033";"350";"2033";"328"
"385";"Ascari";"A10 ";"##OG##";"2";"650000";"3,3";"354";"100";"0";"2";"3";"6";"4941";"2";"13";"0";"625";"7500";"600";"5500";"7600";"4";"1138";"4300";"1852";"1569";"1648";"2646";"1280";"2";"2";"2046";"378";"2046";"355"
"369";"Ferrari";"430 Scuderia";"##OG##";"3";"281000";"3,6";"320";"100";"11,7";"2";"3";"6";"4308";"2";"13";"0";"503";"8500";"470";"5250";"8640";"4";"1234";"4512";"1923";"1556";"1649";"2596";"1350";"2";"2";"2036";"381";"2036";"350"
"386";"Aston Martin";"DBS Coupe";"##OG##";"4";"265000";"4,3";"305";"105";"0";"2";"3";"6";"5935";"2";"9";"0";"510";"6500";"570";"5750";"8000";"4";"1280";"4721";"1905";"1560";"1570";"2750";"1695";"2";"2";"2033";"398";"2033";"360"
"387";"Ferrari";"California ";"##OG##";"4";"190000";"4,1";"311";"100";"0";"1";"3";"7";"4297";"1";"13";"0";"454";"7750";"485";"5000";"8500";"4";"1300";"4555";"1895";"1605";"1620";"2693";"1735";"4";"2";"2036";"390";"2036";"360"
"388";"Jaguar";"D-type ";"##OG##WRECK##";"15";"2000000";"4,7";"278";"130";"0";"3";"1";"4";"3442";"1";"6";"0";"270";"6000";"347";"4500";"8000";"4";"1041";"4113";"1670";"1360";"1410";"2351";"864";"1";"2";"2034";"350";"2034";"350"
"433";"Koenigsegg";"Agera R";"##TDUW##";"1";"2500000";"2,9";"435";"0";"9,6";"5";"3";"7";"5032";"2";"13";"2";"1140";"7100";"1200";"4100";"7500";"4";"1120";"4293";"1996";"1650";"1700";"2662";"1330";"2";"2";"2036";"397";"2036";"380"
"434";"Ferrari";"599 GTO ";"##OG##";"2";"460000";"3,5";"335";"100";"0";"3";"3";"6";"5999";"1";"9";"0";"661";"8250";"620";"6500";"9000";"4";"1288";"4710";"1946";"1618";"1591";"2750";"1605";"2";"2";"2036";"398";"2036";"360"
"621";"Chevrolet";"Camaro 1LT Racing School Asphalt";"##OG##RSA##";"6";"23880";"6,4";"255";"115";"0";"2";"1";"6";"3564";"1";"12";"0";"304";"6400";"371";"5200";"7500";"4";"1377";"4839";"1918";"1697";"1687";"2893";"1697";"5";"2";"2034";"321";"2034";"315"
"651";"Bugatti";"Veyron Centenaire";"##OG##DLC##";"1";"1650000";"2,5";"407";"100";"0";"4";"3";"7";"7993";"2";"15";"4";"987";"6000";"1250";"2200";"7000";"1";"1206";"4466";"1998";"1705";"1733";"2710";"1888";"2";"2";"2036";"400";"2036";"400"
"443";"Ford";"Mustang GT";"##OG##";"6";"29645";"5,5";"253";"130";"0";"2";"1";"5";"4601";"1";"13";"0";"315";"6000";"441";"4250";"7000";"4";"1430";"4769";"1919";"1687";"1681";"2723";"1543";"4";"2";"2034";"293";"2034";"300"
"652";"Ferrari";"599 GTB Fiorano China Edition";"##OG##DLC##";"3";"1535000";"3,7";"330";"109";"11,2";"2";"3";"6";"5999";"1";"9";"0";"612";"7600";"608";"5600";"8800";"4";"1336";"4665";"1962";"1596";"1600";"2760";"1690";"2";"2";"2033";"398";"2033";"360"
"606";"Mercedes-Benz";"CLK 63 AMG Black Series ""Outlaw""";"##OG##REWARD##";"4";"135750";"4,3";"320";"110";"0";"3";"3";"7";"6208";"1";"13";"0";"500";"6800";"630";"5250";"7250";"4";"1365";"4674";"1833";"1650";"1600";"2725";"1760";"2";"2";"2046";"360";"2046";"330"
"653";"Jaguar";"XKR Speed Pack and Black Pack";"##OG##DLC##";"5";"106000";"4,8";"315";"110";"0";"2";"3";"6";"5000";"1";"13";"0";"503";"6000";"625";"2500";"7000";"4";"1322";"4790";"1892";"1630";"1630";"2767";"1753";"2+2";"2";"2033";"400";"2033";"350"
"605";"Mercedes-Benz";"SLR McLaren  Roadster 722s ""Stuart""";"##OG##RIVAL##";"3";"525000";"3,7";"335";"105";"0";"1";"1";"5";"5439";"1";"13";"1";"641";"6500";"820";"4000";"7500";"4";"1251";"4686";"1908";"1569";"1638";"2723";"1724";"2";"2";"2033";"390";"2033";"360"
"654";"Pagani";"Zonda Tricolore";"##OG##DLC##";"1";"1700000";"3,4";"355";"100";"0";"1";"2";"6";"7291";"2";"9";"0";"669";"6150";"780";"4000";"7000";"4";"1141";"4435";"2055";"1564";"1583";"2717";"1230";"2";"2";"2033";"380";"2033";"355"
"435";"Dodge";"Viper SRT10 Convertible";"##UNFINISHED##TDU1##";"2";"91385";"3,7";"325";"0";"0";"3";"2";"6";"8400";"1";"8";"0";"600";"6000";"759";"5100";"7000";"4";"1209";"4460";"1910";"1547";"1510";"2480";"1555";"2";"2";"2033";"355";"2038";"355"
"436";"Ferrari";"FXX ""Evoluzione""";"##OG##CLUB##";"1";"2500000";"2,7";"376";"105";"0";"2";"3";"6";"6262";"2";"9";"0";"860";"9500";"690";"5750";"9500";"4";"1127";"4832";"2040";"1720";"1660";"2600";"1155";"2";"2";"2036";"381";"2036";"381"
"607";"Lotus";"Evora ""Solar Crown""";"##OG##SC##";"6";"72000";"5,1";"261";"105";"0";"3";"2";"6";"3456";"2";"12";"0";"276";"6400";"350";"4600";"7200";"4";"1253";"4344";"1848";"1575";"1567";"2585";"1382";"2";"2";"2033";"350";"2033";"332"
"622";"Audi";"S5 Racing School Asphalt";"##OG##RSA##";"6";"53000";"5,4";"280";"125";"0";"2";"2";"6";"4163";"1";"13";"0";"349";"7000";"440";"3500";"7200";"1";"1369";"4635";"1854";"1600";"1605";"2751";"1640";"4";"2";"2033";"330";"2033";"260"
"655";"Aston Martin";"DBS Carbon Black Edition";"##OG##DLC##";"4";"280000";"4,3";"305";"105";"0";"2";"3";"6";"5935";"2";"9";"0";"510";"6500";"570";"5750";"8000";"4";"1280";"4721";"1905";"1560";"1570";"2750";"1695";"2";"2";"2033";"398";"2033";"360"
"608";"Mercedes-Benz";"300 SL Gullwing ""Solar Crown""";"##OG##SC##";"16";"600000";"7,5";"242";"150";"0";"3";"2";"4";"2996";"1";"6";"0";"212";"5800";"275";"4600";"7000";"4";"1302";"4520";"1778";"1454";"1503";"2430";"1293";"2";"2";"2035";"260";"2035";"260"
"601";"Ford";"Mustang Fastback ""Miami""";"##OG##RIVAL##";"17";"25000";"8,4";"196";"160";"0";"2";"1";"3";"4942";"1";"13";"0";"230";"4400";"407";"2600";"7000";"4";"1310";"4740";"1815";"1473";"1473";"2713";"1322";"2+2";"2";"2034";"290";"2035";"254"
"609";"Koenigsegg";"CCXR Edition ""Solar Crown""";"##OG##SC##";"1";"2175000";"2,9";"417";"100";"0";"4";"2";"6";"4800";"3";"13";"0";"1018";"7000";"1080";"5600";"7200";"4";"1148";"4293";"1996";"1661";"1661";"2660";"1280";"2";"2";"2033";"380";"2033";"362"
"437";"Spyker";"C8 Aileron Spyder";"##OG##CASINO##";"4";"219990";"4,5";"300";"107";"0";"1";"3";"6";"4163";"2";"13";"0";"400";"6800";"480";"3500";"7400";"4";"1270";"4614";"1952";"1664";"1565";"2755";"1425";"2";"2";"2034";"350";"2034";"332"
"438";"Volkswagen";"Touareg V8 TDI";"##UNFINISHED##";"12";"80000";"5,8";"242";"130";"0";"2";"1";"6";"4134";"1";"13";"1";"335";"3750";"800";"1750";"8000";"1";"1732";"4795";"1940";"1650";"1656";"2893";"2297";"5";"4";"2033";"350";"2033";"330"
"441";"Dodge";"Viper SRT10 Police Hawaii";"##OG##POLICE##";"1";"135000";"3,7";"325";"117";"0";"4";"2";"6";"8382";"1";"8";"0";"600";"6100";"759";"5000";"7000";"1";"1234";"4435";"1910";"1547";"1510";"2480";"1546";"2";"2";"2033";"355";"2038";"355"
"603";"Mercedes-Benz";"SLK 55 AMG ""Tess""";"##OG##RIVAL##";"5";"68000";"4,9";"285";"113";"0";"3";"3";"7";"5439";"1";"13";"0";"355";"5750";"510";"4000";"7000";"4";"1284";"4087";"1794";"1450";"1500";"2420";"1540";"2";"2";"2033";"340";"2044";"330"
"656";"Aston Martin";"V12 Vantage Carbon Black Edition";"##OG##DLC##";"4";"262500";"4,4";"306";"105";"0";"5";"2";"6";"5935";"1";"9";"0";"510";"6500";"570";"5750";"7500";"4";"1281";"4373";"1829";"1510";"1540";"2590";"1680";"2";"2";"2033";"398";"2033";"360"
"604";"Audi";"Q7 V12 TDI ""Chris""";"##OG##RIVAL##";"11";"160000";"5,5";"262";"120";"0";"1";"3";"6";"5934";"1";"9";"2";"493";"3750";"1000";"1750";"5000";"1";"1737";"5063";"2000";"1647";"1619";"3009";"2605";"7";"4";"2033";"420";"2033";"370"
"657";"Audi";"Q7 V12 TDI quattro - TDU2 Inuit Edition";"##OG##DLC##";"11";"205000";"5,5";"262";"120";"0";"1";"3";"6";"5934";"1";"9";"2";"493";"3750";"1000";"1750";"5000";"1";"1737";"5063";"2000";"1647";"1619";"3009";"2605";"7";"4";"2033";"420";"2033";"370"
"501";"Lotus";"Esprit S3 Racing School Classic";"##OG##RSC##";"17";"20000";"7";"217";"147";"0";"3";"2";"5";"2174";"1";"5";"0";"160";"6500";"217";"5000";"7000";"4";"1122";"4198";"1859";"1570";"1590";"2456";"1067";"2";"2";"2034";"267";"2039";"274"
"500";"Lancia";"Delta Racing School Classic";"##OG##RSC##";"17";"24000";"6,3";"220";"142";"0";"1";"2";"5";"1995";"1";"5";"1";"215";"5750";"314";"2500";"6500";"1";"1365";"3886";"1770";"1480";"1485";"2466";"1340";"2";"4";"2033";"281";"2033";"251"
"502";"Ford";"Mustang Fastback Racing School Classic";"##OG##RSC##";"17";"23000";"8,4";"196";"160";"0";"2";"1";"3";"4942";"1";"13";"0";"230";"4400";"407";"2600";"7000";"4";"1310";"4740";"1815";"1473";"1473";"2713";"1322";"2+2";"2";"2034";"290";"2035";"254"
"602";"Volkswagen";"Touareg V10 TDI ""Ryan""";"##OG##RIVAL##";"12";"65000";"7,4";"231";"130";"0";"1";"1";"6";"4921";"1";"8";"1";"309";"3750";"750";"2000";"4500";"1";"1726";"4754";"1928";"1706";"1674";"2825";"2602";"5";"4";"2033";"350";"2033";"330"
"623";"Aston Martin";"V8 Vantage Racing School Asphalt";"##OG##RSA##";"5";"122000";"4,9";"290";"110";"0";"3";"2";"6";"4735";"1";"13";"0";"420";"7000";"470";"5000";"7300";"4";"1269";"4359";"1828";"1550";"1560";"2586";"1630";"2";"2";"2033";"355";"2038";"330"
"624";"Nissan";"GT-R Racing School Asphalt";"##OG##RSA##";"3";"90000";"3,6";"314";"125";"0";"1";"1";"6";"3799";"1";"12";"2";"485";"6400";"588";"3200";"7500";"1";"1385";"4632";"1892";"1600";"1590";"2742";"1737";"4";"2";"2033";"380";"2033";"380"
"658";"Nissan";"370Z Optional Parts";"##OG##DLC##";"6";"35000";"5,6";"275";"130";"0";"2";"1";"7";"3696";"1";"12";"0";"326";"7000";"366";"5200";"8000";"4";"1303";"4216";"1847";"1625";"1619";"2553";"1483";"2";"2";"2033";"355";"2033";"350"
"625";"Ferrari";"458 Racing School Asphalt";"##OG##RSA##";"2";"220000";"3,4";"325";"106";"0";"3";"3";"7";"4499";"2";"13";"0";"562";"9000";"540";"6000";"10000";"4";"1235";"4527";"1965";"1675";"1672";"2772";"1380";"2";"2";"2036";"398";"2036";"360"
"659";"Chevrolet";"Camaro Synergy Special Edition";"##OG##DLC##";"6";"26000";"6,4";"255";"115";"0";"2";"1";"6";"3564";"1";"12";"0";"304";"6400";"371";"5200";"7500";"4";"1377";"4839";"1918";"1697";"1687";"2893";"1697";"5";"2";"2034";"321";"2034";"315"
"626";"Koenigsegg";"CCXR Edition Racing School Asphalt";"##OG##RSA##";"1";"2175000";"2,9";"407";"100";"0";"4";"2";"6";"4800";"3";"13";"0";"1018";"7000";"1060";"5600";"7600";"4";"1148";"4293";"1996";"1661";"1661";"2660";"1280";"2";"2";"2033";"380";"2033";"362"
"627";"Bugatti";"Veyron 16.4 Racing School Asphalt";"##OG##RSA##";"1";"1600000";"2,5";"407";"100";"0";"4";"3";"7";"7993";"2";"15";"4";"987";"6000";"1250";"2200";"7000";"1";"1206";"4466";"1998";"1705";"1733";"2710";"1888";"2";"2";"2036";"400";"2036";"400"
"660";"Audi";"RS5 Coupé";"##OG##DLC##";"5";"69000";"4,5";"305";"125";"0";"2";"1";"7";"4163";"1";"13";"0";"444";"8250";"430";"4000";"8500";"1";"1366";"4649";"1860";"1552";"1565";"2751";"1725";"4";"2";"2033";"330";"2033";"260"
"630";"Pagani";"Zonda F Racing School Asphalt";"##OG##RSA##";"2";"667000";"3,7";"345";"100";"0";"2";"2";"6";"7291";"2";"9";"0";"602";"6150";"760";"4000";"7000";"4";"1141";"4435";"2055";"1564";"1573";"2717";"1230";"2";"2";"2033";"380";"2033";"355"
"631";"Jaguar";"E-Type Coupe Racing School Classic";"##OG##RSC##";"16";"65000";"7,2";"242";"131";"14,9";"3";"2";"4";"4235";"1";"6";"0";"265";"5400";"384";"4000";"6000";"4";"1222";"4453";"1656";"1290";"1325";"2428";"1275";"2";"2";"2034";"279";"2039";"254"
"661";"Bugatti";"Veyron Super Sport";"##OG##DLC##";"1";"2700000";"2,4";"434";"100";"0";"5";"3";"7";"7993";"2";"15";"4";"1184";"6000";"1500";"3000";"7000";"1";"1206";"4466";"1998";"1623";"1735";"2710";"1838";"2";"2";"2036";"400";"2036";"400"
"633";"Ferrari";"308 GTS Racing School Asphalt";"##OG##RSC##";"16";"50000";"6,1";"255";"130";"15,8";"1";"2";"5";"2926";"2";"13";"0";"237";"7000";"260";"5000";"7800";"4";"1120";"4230";"1720";"1490";"1510";"2380";"1286";"2";"2";"2033";"272";"2033";"277"
"634";"Land Rover";"Range Rover Sport HSE Racing School Dirt";"##OG##RSD##";"11";"60800";"5,5";"260";"122";"0";"1";"1";"6";"4999";"1";"13";"1";"503";"6500";"625";"2500";"6900";"1";"1789";"4763";"2004";"1710";"1710";"2760";"2589";"5";"4";"2033";"380";"2033";"350"
"662";"Ford";"Mustang Shelby GT500";"##OG##DLC##";"5";"49000";"4,9";"308";"130";"0";"2";"2";"6";"5409";"1";"13";"0";"550";"6200";"692";"4500";"6500";"4";"1384";"4780";"1877";"1687";"1641";"2720";"1733";"4";"2";"2034";"356";"2034";"300"
"636";"Volkswagen";"Touareg V10 TDI Racing School Dirt";"##OG##RSD##";"12";"65000";"7,4";"229";"130";"0";"1";"1";"6";"4921";"1";"8";"1";"309";"3750";"750";"2000";"4500";"1";"1726";"4754";"1928";"1706";"1674";"2825";"2602";"5";"4";"2033";"350";"2033";"330"
"663";"Ferrari";"612 Sessanta ##";"##OG##DLC##";"4";"320000";"4,4";"320";"115";"12,8";"2";"3";"6";"5748";"1";"9";"0";"532";"7250";"588";"5250";"7800";"4";"1344";"4902";"1957";"1641";"1688";"2950";"1875";"2";"2";"2036";"345";"2036";"330"
"637";"Mercedes-Benz";"ML 63 AMG Racing School Dirt";"##OG##RSD##";"11";"95860";"5,2";"275";"125";"0";"1";"3";"7";"6208";"1";"13";"0";"503";"6800";"630";"5200";"7500";"1";"1899";"4861";"1951";"1700";"1680";"2948";"2310";"5";"2";"2033";"380";"2033";"340"
"638";"Audi";"Q7 V12 TDI Racing School Dirt";"##OG##RSD##";"11";"160000";"5,5";"262";"120";"0";"1";"3";"6";"5934";"1";"9";"2";"493";"3750";"1000";"1750";"5000";"1";"1737";"5063";"2000";"1647";"1619";"3009";"2605";"7";"4";"2033";"420";"2033";"370"
"503";"Mercedes-Benz";"CLK 63 AMG Racing School Asphalt";"##OG##RSA##";"4";"135750";"4,3";"320";"110";"0";"3";"3";"7";"6208";"1";"13";"0";"500";"6800";"630";"5250";"7250";"4";"1365";"4674";"1833";"1650";"1600";"2725";"1760";"2";"2";"2046";"360";"2046";"330"
"635";"Alfa Romeo";"MiTo Quadrifoglio Verde Racing School Asphalt";"##OG##RSA##";"7";"28000";"8";"221";"125";"0";"1";"2";"6";"1368";"1";"5";"1";"168";"5500";"250";"2500";"7000";"3";"1446";"4061";"1721";"1475";"1483";"2504";"1145";"2+2";"2";"2033";"305";"2033";"251"
"639";"Dodge";"Viper SRT10 Racing School Asphalt";"##OG##RSA##";"3";"92000";"3,9";"325";"117";"0";"2";"2";"6";"8382";"1";"8";"0";"604";"6100";"759";"5000";"6500";"4";"1234";"4435";"1910";"1557";"1559";"2480";"1546";"2";"2";"2033";"355";"2038";"355"
"664";"Harley Davidson";"Sportster 1200 Nightster";"##UNFINISHED##";"22";"0";"10";"205";"115";"0";"3";"2";"5";"1199";"1";"11";"0";"120";"4000";"107";"4000";"6200";"4";"1302";"2610";"1225";"0";"0";"1554";"255";"1";"0";"2050";"320";"2051";"320"
"1514";"Ducati";"Superbike 848 Evo";"##UNFINISHED##";"18";"14000";"3";"260";"115";"0";"3";"2";"6";"849";"2";"17";"0";"140";"10500";"98";"9750";"12000";"4";"830";"2095";"730";"0";"0";"1430";"168";"1";"0";"2057";"320";"8114";"245"
"1515";"Ducati";"Diavel Carbon";"##OG##DLC##";"18";"19990";"3";"253";"120";"0";"3";"2";"6";"1198";"2";"17";"0";"162";"9500";"128";"8000";"11000";"4";"1126";"2282";"1000";"0";"0";"1614";"207";"1";"0";"2050";"320";"8114";"265"
"6668";"Harley Davidson";"Fat Boy Lo";"##OG##DLC##";"19";"15999";"5";"185";"132";"0";"1";"2";"6";"1584";"2";"11";"0";"43";"5500";"125";"3500";"5000";"4";"680";"2385";"1171";"0";"0";"1630";"317";"1";"0";"8117";"292";"8116";"292"
"610";"Lotus";"Exige S";"##UNFINISHED##";"3";"82000";"3,9";"250";"102";"0";"3";"2";"6";"1796";"2";"5";"1";"243";"8000";"236";"7000";"10000";"4";"1119";"3788";"1732";"1506";"1457";"2292";"875";"2";"2";"2033";"282";"2033";"282"
"667";"Pagani";"Zonda R";"##TDUW##DLC##";"1";"2700000";"2,7";"370";"100";"0";"3";"3";"6";"5987";"2";"9";"0";"740";"7500";"710";"5700";"8000";"4";"1141";"4886";"2014";"1631";"1633";"2785";"1070";"2";"2";"2036";"380";"2036";"380"
"2500";"Kawasaki";"VULCAN ##";"##UNFINISHED##";"19";"0";"5";"150";"0";"0";"3";"2";"5";"449";"2";"0";"0";"56";"8500";"51";"7000";"10000";"4";"1064";"1806";"1171";"0";"0";"1485";"165";"1";"0";"2034";"160";"2034";"200"
"5000";"Bugatti";"EB110 Super Sport";"##TDUW##";"14";"355000";"3,4";"350";"117";"11,1";"2";"2";"6";"3499";"2";"9";"4";"603";"8250";"647";"4200";"8500";"1";"1125";"4400";"1940";"1620";"1550";"2550";"1620";"2";"2";"2033";"332";"2038";"332"
"5005";"Porsche";"911 GT3";"##TDUW##";"3";"131390";"3,6";"315";"110";"11,5";"4";"3";"7";"3800";"3";"2";"0";"469";"8250";"440";"6250";"9000";"4";"1269";"4545";"1852";"1555";"1551";"2457";"1430";"2";"2";"2046";"380";"2046";"380"
"5010";"Porsche";"Cayman GT4";"##TDUW##";"4";"80600";"4,5";"292";"110";"12,5";"1";"2";"6";"3800";"2";"2";"0";"380";"7400";"420";"5000";"7900";"4";"1266";"4438";"1817";"1533";"1518";"2484";"1340";"2";"2";"2046";"380";"2046";"380"
"5035";"Porsche";"Macan Turbo";"##TDUW##";"11";"72300";"4,7";"262";"125";"12,9";"1";"3";"7";"3605";"1";"12";"2";"395";"6000";"550";"1350";"6700";"1";"1624";"4699";"1923";"1611";"1615";"2807";"1925";"5";"4";"2033";"360";"2033";"356"
"5045";"Koenigsegg";"CC8S ";"##TDUW##";"2";"550000";"4,1";"376";"100";"12,1";"3";"2";"6";"4700";"2";"13";"1";"655";"6800";"750";"5000";"7250";"4";"1148";"4293";"1996";"1661";"1661";"2660";"1175";"2";"2";"2033";"340";"2033";"315"
"5046";"Koenigsegg";"CC8S ""Stuart""";"##TDUW##RIVAL##";"2";"550000";"4,1";"376";"100";"12,1";"3";"2";"6";"4700";"2";"13";"1";"655";"6800";"750";"5000";"7250";"4";"1148";"4293";"1996";"1661";"1661";"2660";"1175";"2";"2";"2033";"340";"2033";"315"
"5050";"Porsche";"Cayman R";"##TDUW##Qilin##";"5";"67000";"5";"282";"110";"13,2";"2";"2";"6";"3436";"2";"2";"0";"325";"7400";"370";"4750";"7700";"4";"1286";"4347";"1801";"1530";"1490";"2415";"1370";"2";"2";"2046";"318";"2046";"299"
"5055";"Chevrolet";"Camaro IROC-Z";"##TDUW##StarGT##";"17";"26500";"6,8";"230";"130";"15,3";"1";"1";"4";"5733";"1";"13";"0";"245";"4400";"468";"3200";"5500";"4";"1278";"4877";"1849";"1539";"1542";"2565";"1495";"4";"2";"2034";"267";"2034";"367"
"5060";"Maserati";"Quattroporte GTS";"##TDUW##Aquarious##";"5";"137000";"4,7";"310";"110";"12,9";"2";"3";"7";"3798";"1";"13";"2";"523";"6800";"711";"2250";"7200";"4";"1481";"5262";"1948";"1647";"1634";"3171";"1900";"2+2";"2";"2048";"380";"2048";"350"
"5065";"Spyker";"C8 Preliator";"##TDUW##";"3";"259000";"3,9";"315";"107";"0";"2";"3";"6";"4163";"2";"13";"1";"525";"6800";"600";"3500";"7400";"4";"1270";"4628";"1953";"1665";"1565";"2760";"1390";"2";"2";"2034";"350";"2034";"332"
"5070";"Porsche";"Cayenne Turbo";"##TDUW##aHToLLIa&Takumi##";"11";"108700";"4,7";"275";"125";"12,8";"3";"1";"7";"4806";"1";"13";"1";"493";"6000";"700";"2250";"6700";"1";"1732";"4950";"2020";"1626";"1656";"2875";"2170";"5";"4";"2033";"380";"2033";"350"
"5075";"Jeep";"Wrangler Rubicon";"##TDUW##";"12";"33000";"7,2";"215";"122";"0";"3";"1";"6";"3604";"1";"12";"0";"285";"6400";"353";"4800";"6600";"1";"1789";"3881";"1873";"1600";"1600";"2424";"1862";"5";"2";"2033";"330";"2033";"328"
"5080";"Mercedes-Benz";"G 500 ";"##TDUW##";"12";"107900";"6,2";"225";"122";"14,2";"2";"1";"7";"3982";"1";"13";"2";"416";"5250";"610";"2250";"6300";"1";"1950";"4660";"1870";"1540";"1540";"2850";"2520";"5";"4";"2033";"380";"2033";"350"
"5090";"Maserati";"Alfieri Concept ""Solar Crown""";"##TDUW##SC##";"4";"1500000";"4,3";"305";"105";"0";"5";"1";"6";"4691";"2";"13";"0";"454";"7000";"520";"4750";"7250";"1";"1280";"4590";"1930";"1619";"1620";"2675";"1740";"2+2";"2";"2033";"380";"2038";"360"
"5095";"Aston Martin";"DB4 GT Zagato";"##TDUW##";"16";"1750000";"6,4";"247";"131";"14,5";"2";"2";"4";"3670";"1";"6";"0";"310";"6000";"377";"5400";"6500";"4";"1270";"4267";"1657";"1359";"1372";"2375";"1250";"2";"2";"2034";"279";"2039";"254"
"5096";"Aston Martin";"DB4 GT Zagato ""Solar Crown""";"##TDUW##SC##";"16";"1750000";"6,4";"247";"131";"14,5";"2";"2";"4";"3670";"1";"6";"0";"310";"6000";"377";"5400";"6500";"4";"1270";"4267";"1657";"1359";"1372";"2375";"1250";"2";"2";"2034";"279";"2039";"254"
"5100";"Mitsubishi";"Lancer Evolution X GSR";"##TDUW##StarGT##";"6";"34495";"5,6";"262";"110";"14,1";"2";"2";"5";"1998";"1";"5";"1";"291";"6500";"407";"4400";"7600";"1";"1480";"4545";"1810";"1545";"1545";"2650";"1595";"4";"4";"2033";"350";"2033";"330"
"5105";"Lamborghini";"Murciélago LP 670-4 SuperVeloce";"##TDUW##Reventon09##";"2";"452995";"3,2";"342";"105";"11,3";"3";"3";"6";"6496";"2";"9";"0";"661";"8000";"660";"6500";"8250";"1";"1135";"4705";"2058";"1695";"1635";"2665";"1665";"2";"2";"2036";"380";"2036";"355"
"5110";"BMW";"M6 Coupé";"##TDUW##StarGT##";"4";"108350";"4,2";"325";"120";"12,1";"3";"3";"7";"4395";"1";"13";"2";"552";"6000";"680";"1500";"7250";"4";"1374";"4898";"1899";"1612";"1631";"2851";"1850";"2+2";"2";"2033";"410";"2033";"396"
"5115";"BMW";"X5 M ";"##TDUW##StarGT##";"11";"87250";"4,5";"270";"125";"12,7";"1";"3";"6";"4395";"1";"13";"1";"552";"6000";"680";"1500";"7000";"1";"1994";"4851";"1764";"1700";"1680";"2933";"2435";"5";"4";"2033";"395";"2033";"385"
"5120";"BMW";"1M Coupé";"##TDUW##Minime891##";"5";"46135";"4,9";"270";"128";"13,1";"1";"2";"6";"2979";"1";"6";"2";"335";"5900";"500";"1500";"7000";"4";"1420";"4380";"1803";"1541";"1541";"2660";"1495";"4";"2";"2033";"360";"2033";"350"
"5125";"BMW";"M5 ";"##TDUW##";"4";"90200";"4,3";"320";"110";"12,2";"2";"3";"7";"4395";"1";"13";"2";"552";"6000";"680";"1500";"7250";"4";"1465";"4910";"1890";"1582";"1627";"2964";"1870";"2+2";"2";"2033";"400";"2033";"396"
"5130";"BMW";"Z4 sDrive35is";"##TDUW##Qilin##";"5";"64200";"5,1";"275";"110";"13,4";"3";"3";"7";"2979";"1";"6";"2";"335";"5900";"500";"1500";"7000";"4";"1284";"4244";"1790";"1537";"1511";"2496";"1525";"2";"2";"2033";"348";"2033";"324"
